Date/Time,Open,High,Low,Close
2021-05-28 09:31:00,125.56,125.8,125.3,125.3
2021-05-28 09:32:00,125.32,125.32,124.95,125.0201
2021-05-28 09:33:00,125.03,125.1669,124.95,124.9999
2021-05-28 09:34:00,125,125.045,124.74,124.77
2021-05-28 09:35:00,124.77,124.88,124.58,124.8287
2021-05-28 09:36:00,124.82,124.89,124.59,124.85
2021-05-28 09:37:00,124.855,124.94,124.84,124.86
2021-05-28 09:38:00,124.87,124.94,124.82,124.9046
2021-05-28 09:39:00,124.905,124.95,124.8,124.895
2021-05-28 09:40:00,124.9,125.07,124.87,125.05
2021-05-28 09:41:00,125.055,125.12,124.99,125.01
2021-05-28 09:42:00,125.01,125.21,124.9,125.202
2021-05-28 09:43:00,125.205,125.35,125.18,125.31
2021-05-28 09:44:00,125.31,125.3477,125.1525,125.25
2021-05-28 09:45:00,125.25,125.29,125.18,125.24
2021-05-28 09:46:00,125.2499,125.35,125.23,125.3093
2021-05-28 09:47:00,125.31,125.38,125.18,125.25
2021-05-28 09:48:00,125.25,125.31,125.0482,125.145
2021-05-28 09:49:00,125.14,125.15,125,125.09
2021-05-28 09:50:00,125.08,125.195,125.06,125.18
2021-05-28 09:51:00,125.185,125.23,125.1255,125.15
2021-05-28 09:52:00,125.155,125.25,125.08,125.235
2021-05-28 09:53:00,125.245,125.28,125.21,125.26
2021-05-28 09:54:00,125.26,125.48,125.26,125.44
2021-05-28 09:55:00,125.45,125.4699,125.3544,125.41
2021-05-28 09:56:00,125.405,125.515,125.39,125.5001
2021-05-28 09:57:00,125.505,125.52,125.41,125.425
2021-05-28 09:58:00,125.42,125.49,125.41,125.47
2021-05-28 09:59:00,125.48,125.48,125.39,125.46
2021-05-28 10:00:00,125.46,125.59,125.44,125.44
2021-05-28 10:01:00,125.435,125.51,125.43,125.45
2021-05-28 10:02:00,125.4508,125.49,125.39,125.415
2021-05-28 10:03:00,125.42,125.4628,125.32,125.385
2021-05-28 10:04:00,125.39,125.425,125.27,125.38
2021-05-28 10:05:00,125.37,125.4,125.3401,125.385
2021-05-28 10:06:00,125.39,125.58,125.375,125.5686
2021-05-28 10:07:00,125.5692,125.575,125.48,125.4882
2021-05-28 10:08:00,125.49,125.51,125.45,125.5
2021-05-28 10:09:00,125.5,125.54,125.43,125.4382
2021-05-28 10:10:00,125.4371,125.5894,125.43,125.5887
2021-05-28 10:11:00,125.59,125.65,125.58,125.64
2021-05-28 10:12:00,125.645,125.65,125.54,125.54
2021-05-28 10:13:00,125.545,125.5752,125.44,125.44
2021-05-28 10:14:00,125.44,125.455,125.35,125.39
2021-05-28 10:15:00,125.385,125.55,125.38,125.4322
2021-05-28 10:16:00,125.435,125.5,125.43,125.5
2021-05-28 10:17:00,125.4992,125.63,125.495,125.61
2021-05-28 10:18:00,125.601,125.7,125.5903,125.695
2021-05-28 10:19:00,125.695,125.71,125.5822,125.61
2021-05-28 10:20:00,125.61,125.6171,125.42,125.435
2021-05-28 10:21:00,125.4445,125.4556,125.3358,125.425
2021-05-28 10:22:00,125.425,125.49,125.425,125.46
2021-05-28 10:23:00,125.4697,125.5,125.365,125.42
2021-05-28 10:24:00,125.42,125.43,125.3,125.315
2021-05-28 10:25:00,125.315,125.32,125.2,125.2475
2021-05-28 10:26:00,125.245,125.33,125.225,125.325
2021-05-28 10:27:00,125.31,125.32,125.18,125.185
2021-05-28 10:28:00,125.19,125.23,125.15,125.2
2021-05-28 10:29:00,125.205,125.23,125.16,125.1879
2021-05-28 10:30:00,125.1982,125.34,125.19,125.32
2021-05-28 10:31:00,125.32,125.42,125.32,125.4
2021-05-28 10:32:00,125.4088,125.4272,125.37,125.395
2021-05-28 10:33:00,125.395,125.43,125.31,125.315
2021-05-28 10:34:00,125.31,125.41,125.28,125.4054
2021-05-28 10:35:00,125.405,125.43,125.3801,125.42
2021-05-28 10:36:00,125.425,125.51,125.42,125.495
2021-05-28 10:37:00,125.49,125.55,125.4651,125.54
2021-05-28 10:38:00,125.54,125.6,125.535,125.5777
2021-05-28 10:39:00,125.5789,125.62,125.575,125.59
2021-05-28 10:40:00,125.5955,125.61,125.55,125.575
2021-05-28 10:41:00,125.57,125.6,125.52,125.545
2021-05-28 10:42:00,125.5401,125.58,125.53,125.53
2021-05-28 10:43:00,125.535,125.545,125.46,125.52
2021-05-28 10:44:00,125.52,125.52,125.39,125.4
2021-05-28 10:45:00,125.395,125.45,125.39,125.4387
2021-05-28 10:46:00,125.44,125.45,125.41,125.4101
2021-05-28 10:47:00,125.42,125.45,125.4,125.425
2021-05-28 10:48:00,125.44,125.445,125.36,125.36
2021-05-28 10:49:00,125.37,125.37,125.25,125.305
2021-05-28 10:50:00,125.31,125.34,125.2701,125.281
2021-05-28 10:51:00,125.29,125.35,125.285,125.32
2021-05-28 10:52:00,125.3226,125.3684,125.3226,125.3684
2021-05-28 10:53:00,125.36,125.38,125.33,125.3527
2021-05-28 10:54:00,125.36,125.3785,125.29,125.302
2021-05-28 10:55:00,125.31,125.33,125.275,125.275
2021-05-28 10:56:00,125.28,125.28,125.2,125.2409
2021-05-28 10:57:00,125.2472,125.26,125.15,125.16
2021-05-28 10:58:00,125.15,125.2255,125.14,125.15
2021-05-28 10:59:00,125.155,125.185,125.13,125.17
2021-05-28 11:00:00,125.18,125.2,125.16,125.16
2021-05-28 11:01:00,125.16,125.17,125.13,125.1528
2021-05-28 11:02:00,125.155,125.16,125.11,125.11
2021-05-28 11:03:00,125.12,125.13,124.975,125.01
2021-05-28 11:04:00,125.005,125.06,124.99,125.02
2021-05-28 11:05:00,125.015,125.035,124.88,124.91
2021-05-28 11:06:00,124.92,124.98,124.91,124.975
2021-05-28 11:07:00,124.9757,125.015,124.93,125.01
2021-05-28 11:08:00,125.015,125.03,124.95,125
2021-05-28 11:09:00,125.0099,125.085,125.005,125.07
2021-05-28 11:10:00,125.065,125.09,125.06,125.0601
2021-05-28 11:11:00,125.064,125.1,125.03,125.031
2021-05-28 11:12:00,125.034,125.04,124.99,124.99
2021-05-28 11:13:00,125,125.0292,124.96,125.0105
2021-05-28 11:14:00,125.02,125.03,124.98,124.9966
2021-05-28 11:15:00,125,125.015,124.96,125.0072
2021-05-28 11:16:00,125.002,125.01,124.93,124.93
2021-05-28 11:17:00,124.935,124.979,124.92,124.965
2021-05-28 11:18:00,124.966,124.99,124.94,124.975
2021-05-28 11:19:00,124.98,124.98,124.94,124.95
2021-05-28 11:20:00,124.9457,124.96,124.94,124.955
2021-05-28 11:21:00,124.9599,125.01,124.955,124.98
2021-05-28 11:22:00,124.9813,124.985,124.94,124.9527
2021-05-28 11:23:00,124.95,124.97,124.94,124.9688
2021-05-28 11:24:00,124.965,125.0099,124.96,125.005
2021-05-28 11:25:00,125.0034,125.08,125,125.04
2021-05-28 11:26:00,125.035,125.09,125.025,125.0679
2021-05-28 11:27:00,125.07,125.07,124.98,125.005
2021-05-28 11:28:00,125.005,125.005,124.95,124.99
2021-05-28 11:29:00,124.98,125.0755,124.9701,125.06
2021-05-28 11:30:00,125.0648,125.09,125.04,125.0511
2021-05-28 11:31:00,125.055,125.13,125.03,125.105
2021-05-28 11:32:00,125.1044,125.17,125.1,125.135
2021-05-28 11:33:00,125.135,125.16,125.12,125.145
2021-05-28 11:34:00,125.14,125.157,125.075,125.0938
2021-05-28 11:35:00,125.095,125.15,125.08,125.14
2021-05-28 11:36:00,125.145,125.145,125.08,125.125
2021-05-28 11:37:00,125.125,125.14,125.1,125.11
2021-05-28 11:38:00,125.1101,125.16,125.1047,125.15
2021-05-28 11:39:00,125.145,125.17,125.14,125.157
2021-05-28 11:40:00,125.16,125.16,125.13,125.155
2021-05-28 11:41:00,125.155,125.2,125.15,125.18
2021-05-28 11:42:00,125.18,125.21,125.16,125.1851
2021-05-28 11:43:00,125.189,125.1899,125.155,125.1601
2021-05-28 11:44:00,125.17,125.19,125.15,125.1555
2021-05-28 11:45:00,125.15,125.19,125.13,125.1819
2021-05-28 11:46:00,125.19,125.22,125.16,125.205
2021-05-28 11:47:00,125.2078,125.23,125.18,125.215
2021-05-28 11:48:00,125.215,125.22,125.16,125.165
2021-05-28 11:49:00,125.1603,125.18,125.14,125.1701
2021-05-28 11:50:00,125.18,125.19,125.11,125.135
2021-05-28 11:51:00,125.14,125.17,125.125,125.125
2021-05-28 11:52:00,125.1217,125.15,125.1,125.105
2021-05-28 11:53:00,125.11,125.13,125.09,125.1
2021-05-28 11:54:00,125.1,125.15,125.1,125.1334
2021-05-28 11:55:00,125.14,125.14,125.125,125.135
2021-05-28 11:56:00,125.135,125.205,125.13,125.205
2021-05-28 11:57:00,125.205,125.23,125.2,125.22
2021-05-28 11:58:00,125.225,125.2298,125.19,125.2199
2021-05-28 11:59:00,125.2199,125.23,125.19,125.195
2021-05-28 12:00:00,125.195,125.2,125.16,125.17
2021-05-28 12:01:00,125.175,125.2,125.1745,125.195
2021-05-28 12:02:00,125.1999,125.24,125.193,125.225
2021-05-28 12:03:00,125.225,125.26,125.21,125.2526
2021-05-28 12:04:00,125.26,125.27,125.22,125.2487
2021-05-28 12:05:00,125.2491,125.28,125.24,125.265
2021-05-28 12:06:00,125.265,125.31,125.2601,125.305
2021-05-28 12:07:00,125.305,125.32,125.29,125.3199
2021-05-28 12:08:00,125.315,125.365,125.3,125.36
2021-05-28 12:09:00,125.363,125.41,125.36,125.36
2021-05-28 12:10:00,125.3529,125.368,125.3001,125.3001
2021-05-28 12:11:00,125.305,125.35,125.3,125.3201
2021-05-28 12:12:00,125.325,125.3451,125.32,125.32
2021-05-28 12:13:00,125.3245,125.33,125.28,125.305
2021-05-28 12:14:00,125.305,125.33,125.3015,125.315
2021-05-28 12:15:00,125.317,125.33,125.281,125.2883
2021-05-28 12:16:00,125.2864,125.325,125.285,125.305
2021-05-28 12:17:00,125.305,125.3056,125.23,125.2699
2021-05-28 12:18:00,125.265,125.2699,125.22,125.227
2021-05-28 12:19:00,125.23,125.25,125.195,125.2441
2021-05-28 12:20:00,125.245,125.245,125.16,125.165
2021-05-28 12:21:00,125.165,125.1975,125.14,125.17
2021-05-28 12:22:00,125.16,125.19,125.15,125.185
2021-05-28 12:23:00,125.185,125.25,125.18,125.24
2021-05-28 12:24:00,125.24,125.32,125.24,125.305
2021-05-28 12:25:00,125.3061,125.31,125.26,125.27
2021-05-28 12:26:00,125.27,125.27,125.1907,125.2
2021-05-28 12:27:00,125.2051,125.215,125.17,125.215
2021-05-28 12:28:00,125.21,125.24,125.2,125.225
2021-05-28 12:29:00,125.23,125.24,125.1949,125.235
2021-05-28 12:30:00,125.235,125.24,125.19,125.21
2021-05-28 12:31:00,125.205,125.215,125.185,125.2
2021-05-28 12:32:00,125.201,125.22,125.19,125.205
2021-05-28 12:33:00,125.2017,125.21,125.16,125.165
2021-05-28 12:34:00,125.165,125.25,125.165,125.2499
2021-05-28 12:35:00,125.2499,125.3172,125.24,125.2505
2021-05-28 12:36:00,125.255,125.2775,125.22,125.225
2021-05-28 12:37:00,125.23,125.275,125.23,125.245
2021-05-28 12:38:00,125.245,125.29,125.24,125.2801
2021-05-28 12:39:00,125.275,125.32,125.26,125.3199
2021-05-28 12:40:00,125.31,125.31,125.27,125.275
2021-05-28 12:41:00,125.275,125.3,125.26,125.265
2021-05-28 12:42:00,125.265,125.27,125.24,125.2508
2021-05-28 12:43:00,125.25,125.255,125.214,125.245
2021-05-28 12:44:00,125.25,125.25,125.23,125.23
2021-05-28 12:45:00,125.24,125.27,125.23,125.235
2021-05-28 12:46:00,125.24,125.3,125.225,125.275
2021-05-28 12:47:00,125.275,125.29,125.26,125.275
2021-05-28 12:48:00,125.28,125.28,125.14,125.245
2021-05-28 12:49:00,125.25,125.255,125.21,125.251
2021-05-28 12:50:00,125.255,125.255,125.175,125.175
2021-05-28 12:51:00,125.19,125.2,125.162,125.195
2021-05-28 12:52:00,125.1998,125.235,125.19,125.225
2021-05-28 12:53:00,125.221,125.225,125.18,125.2
2021-05-28 12:54:00,125.2,125.2,125.14,125.15
2021-05-28 12:55:00,125.155,125.175,125.1421,125.15
2021-05-28 12:56:00,125.16,125.1963,125.15,125.175
2021-05-28 12:57:00,125.175,125.2185,125.17,125.2185
2021-05-28 12:58:00,125.21,125.2574,125.205,125.2574
2021-05-28 12:59:00,125.2518,125.2956,125.25,125.29
2021-05-28 13:00:00,125.3,125.36,125.2932,125.325
2021-05-28 13:01:00,125.32,125.328,125.291,125.291
2021-05-28 13:02:00,125.295,125.35,125.29,125.35
2021-05-28 13:03:00,125.355,125.3799,125.34,125.36
2021-05-28 13:04:00,125.365,125.37,125.31,125.3299
2021-05-28 13:05:00,125.325,125.35,125.31,125.315
2021-05-28 13:06:00,125.313,125.35,125.305,125.345
2021-05-28 13:07:00,125.345,125.35,125.25,125.265
2021-05-28 13:08:00,125.27,125.28,125.19,125.2315
2021-05-28 13:09:00,125.2339,125.255,125.19,125.2
2021-05-28 13:10:00,125.207,125.207,125.16,125.1601
2021-05-28 13:11:00,125.1646,125.19,125.16,125.17
2021-05-28 13:12:00,125.165,125.17,125.12,125.13
2021-05-28 13:13:00,125.135,125.16,125.09,125.1101
2021-05-28 13:14:00,125.1101,125.12,125.04,125.0503
2021-05-28 13:15:00,125.06,125.07,125.01,125.03
2021-05-28 13:16:00,125.035,125.04,124.97,124.985
2021-05-28 13:17:00,124.985,125.01,124.97,124.9825
2021-05-28 13:18:00,124.985,124.99,124.97,124.975
2021-05-28 13:19:00,124.975,125,124.9641,124.98
2021-05-28 13:20:00,124.9899,124.99,124.91,124.915
2021-05-28 13:21:00,124.915,124.917,124.86,124.875
2021-05-28 13:22:00,124.87,124.895,124.835,124.86
2021-05-28 13:23:00,124.855,124.88,124.85,124.86
2021-05-28 13:24:00,124.87,124.9,124.85,124.86
2021-05-28 13:25:00,124.865,124.93,124.83,124.925
2021-05-28 13:26:00,124.93,124.935,124.89,124.92
2021-05-28 13:27:00,124.915,124.95,124.9,124.935
2021-05-28 13:28:00,124.9314,124.95,124.86,124.9009
2021-05-28 13:29:00,124.905,124.905,124.83,124.84
2021-05-28 13:30:00,124.845,124.89,124.82,124.889
2021-05-28 13:31:00,124.89,124.975,124.8825,124.965
2021-05-28 13:32:00,124.965,124.97,124.93,124.96
2021-05-28 13:33:00,124.96,124.97,124.91,124.97
2021-05-28 13:34:00,124.97,124.975,124.93,124.9449
2021-05-28 13:35:00,124.9401,124.96,124.93,124.9431
2021-05-28 13:36:00,124.945,124.95,124.9,124.9085
2021-05-28 13:37:00,124.905,124.925,124.88,124.905
2021-05-28 13:38:00,124.905,124.91,124.88,124.8983
2021-05-28 13:39:00,124.9,124.92,124.79,124.835
2021-05-28 13:40:00,124.8375,124.84,124.775,124.81
2021-05-28 13:41:00,124.81,124.88,124.8,124.865
2021-05-28 13:42:00,124.865,124.89,124.86,124.88
2021-05-28 13:43:00,124.876,124.8899,124.84,124.88
2021-05-28 13:44:00,124.8802,124.9,124.87,124.88
2021-05-28 13:45:00,124.88,124.89,124.77,124.7874
2021-05-28 13:46:00,124.785,124.815,124.735,124.8062
2021-05-28 13:47:00,124.8,124.8067,124.76,124.78
2021-05-28 13:48:00,124.7799,124.78,124.74,124.75
2021-05-28 13:49:00,124.75,124.81,124.74,124.795
2021-05-28 13:50:00,124.7985,124.83,124.775,124.8231
2021-05-28 13:51:00,124.825,124.89,124.8226,124.89
2021-05-28 13:52:00,124.885,124.915,124.8642,124.9
2021-05-28 13:53:00,124.905,124.9389,124.9,124.9054
2021-05-28 13:54:00,124.9,124.9464,124.88,124.9464
2021-05-28 13:55:00,124.947,124.947,124.885,124.9001
2021-05-28 13:56:00,124.89,124.93,124.86,124.915
2021-05-28 13:57:00,124.915,124.92,124.86,124.885
2021-05-28 13:58:00,124.8882,124.905,124.8627,124.885
2021-05-28 13:59:00,124.89,124.89,124.85,124.87
2021-05-28 14:00:00,124.88,124.9015,124.82,124.8225
2021-05-28 14:01:00,124.8223,124.9,124.8118,124.875
2021-05-28 14:02:00,124.88,124.9176,124.8678,124.9
2021-05-28 14:03:00,124.9089,124.99,124.9,124.98
2021-05-28 14:04:00,124.985,125,124.97,124.98
2021-05-28 14:05:00,124.98,124.98,124.95,124.97
2021-05-28 14:06:00,124.96,124.9752,124.93,124.9752
2021-05-28 14:07:00,124.973,125.01,124.965,124.975
2021-05-28 14:08:00,124.97,124.976,124.9,124.96
2021-05-28 14:09:00,124.95,124.97,124.9122,124.9122
2021-05-28 14:10:00,124.92,124.9425,124.9,124.9
2021-05-28 14:11:00,124.9,124.92,124.86,124.905
2021-05-28 14:12:00,124.9072,124.97,124.9,124.9592
2021-05-28 14:13:00,124.9516,124.9799,124.95,124.965
2021-05-28 14:14:00,124.96,124.99,124.92,124.9499
2021-05-28 14:15:00,124.94,124.98,124.91,124.955
2021-05-28 14:16:00,124.96,124.995,124.96,124.98
2021-05-28 14:17:00,124.98,124.99,124.961,124.975
2021-05-28 14:18:00,124.9755,125.045,124.975,125.04
2021-05-28 14:19:00,125.04,125.0417,125,125.0282
2021-05-28 14:20:00,125.02,125.04,124.995,125.035
2021-05-28 14:21:00,125.035,125.05,125.015,125.0367
2021-05-28 14:22:00,125.0384,125.06,125.03,125.0311
2021-05-28 14:23:00,125.0354,125.04,124.95,124.9984
2021-05-28 14:24:00,124.9921,125.02,124.99,125.0082
2021-05-28 14:25:00,125,125.01,124.97,124.98
2021-05-28 14:26:00,124.9813,125.02,124.98,124.9933
2021-05-28 14:27:00,124.9971,125.07,124.9901,125.05
2021-05-28 14:28:00,125.055,125.06,125.03,125.0501
2021-05-28 14:29:00,125.06,125.09,125.05,125.075
2021-05-28 14:30:00,125.075,125.08,125.02,125.027
2021-05-28 14:31:00,125.03,125.055,125.02,125.0328
2021-05-28 14:32:00,125.0388,125.049,125.01,125.0122
2021-05-28 14:33:00,125.0123,125.028,124.992,125.015
2021-05-28 14:34:00,125.0101,125.0498,125.0101,125.0402
2021-05-28 14:35:00,125.04,125.05,125.02,125.038
2021-05-28 14:36:00,125.04,125.045,125.02,125.025
2021-05-28 14:37:00,125.0299,125.05,125.02,125.025
2021-05-28 14:38:00,125.025,125.0289,125,125.008
2021-05-28 14:39:00,125.01,125.0273,124.99,125.0224
2021-05-28 14:40:00,125.02,125.0391,125.01,125.025
2021-05-28 14:41:00,125.025,125.05,125.025,125.03
2021-05-28 14:42:00,125.02,125.03,125,125.0213
2021-05-28 14:43:00,125.025,125.04,125.012,125.04
2021-05-28 14:44:00,125.0429,125.08,125.04,125.065
2021-05-28 14:45:00,125.0601,125.09,125.0601,125.0816
2021-05-28 14:46:00,125.08,125.09,125.06,125.07
2021-05-28 14:47:00,125.07,125.11,125.065,125.095
2021-05-28 14:48:00,125.095,125.11,125.07,125.0786
2021-05-28 14:49:00,125.075,125.1073,125.075,125.095
2021-05-28 14:50:00,125.0999,125.11,125.09,125.105
2021-05-28 14:51:00,125.11,125.14,125.04,125.04
2021-05-28 14:52:00,125.04,125.05,125.01,125.035
2021-05-28 14:53:00,125.035,125.065,125.0301,125.035
2021-05-28 14:54:00,125.035,125.0736,125.03,125.0736
2021-05-28 14:55:00,125.0736,125.09,125.05,125.05
2021-05-28 14:56:00,125.055,125.1,125.055,125.093
2021-05-28 14:57:00,125.095,125.1,125.06,125.08
2021-05-28 14:58:00,125.08,125.09,125.045,125.0563
2021-05-28 14:59:00,125.051,125.105,125.051,125.0782
2021-05-28 15:00:00,125.075,125.075,125.015,125.07
2021-05-28 15:01:00,125.065,125.0679,125.01,125.015
2021-05-28 15:02:00,125.015,125.05,125,125.0401
2021-05-28 15:03:00,125.04,125.05,125.02,125.03
2021-05-28 15:04:00,125.0321,125.1,125.0321,125.0833
2021-05-28 15:05:00,125.085,125.09,125.06,125.075
2021-05-28 15:06:00,125.0737,125.11,125.07,125.0974
2021-05-28 15:07:00,125.09,125.096,125.065,125.065
2021-05-28 15:08:00,125.06,125.06,125.02,125.045
2021-05-28 15:09:00,125.045,125.06,125.02,125.05
2021-05-28 15:10:00,125.05,125.06,125,125.005
2021-05-28 15:11:00,125.005,125.01,124.93,124.94
2021-05-28 15:12:00,124.94,125.005,124.9325,125.0014
2021-05-28 15:13:00,125.0099,125.01,124.94,124.965
2021-05-28 15:14:00,124.965,124.97,124.95,124.9553
2021-05-28 15:15:00,124.955,125,124.94,124.945
2021-05-28 15:16:00,124.94,124.99,124.94,124.985
2021-05-28 15:17:00,124.99,125.025,124.99,125.015
2021-05-28 15:18:00,125.0177,125.08,125.015,125.045
2021-05-28 15:19:00,125.05,125.11,125.045,125.1
2021-05-28 15:20:00,125.1,125.11,125.06,125.06
2021-05-28 15:21:00,125.067,125.067,124.97,124.977
2021-05-28 15:22:00,124.975,125,124.97,124.985
2021-05-28 15:23:00,124.985,124.99,124.98,124.99
2021-05-28 15:24:00,124.985,124.99,124.96,124.9832
2021-05-28 15:25:00,124.98,124.98,124.96,124.975
2021-05-28 15:26:00,124.97,124.99,124.945,124.98
2021-05-28 15:27:00,124.985,125.065,124.985,125.0533
2021-05-28 15:28:00,125.06,125.09,125.06,125.06
2021-05-28 15:29:00,125.0613,125.09,125.04,125.0555
2021-05-28 15:30:00,125.055,125.0874,125.02,125.0801
2021-05-28 15:31:00,125.0817,125.12,125.07,125.075
2021-05-28 15:32:00,125.085,125.125,125,125.04
2021-05-28 15:33:00,125.035,125.06,125.0033,125.05
2021-05-28 15:34:00,125.05,125.08,125.0228,125.0248
2021-05-28 15:35:00,125.03,125.07,125.01,125.06
2021-05-28 15:36:00,125.065,125.1098,125.05,125.105
2021-05-28 15:37:00,125.11,125.14,125.08,125.1197
2021-05-28 15:38:00,125.12,125.14,125.1001,125.11
2021-05-28 15:39:00,125.11,125.12,125.09,125.1003
2021-05-28 15:40:00,125.1,125.12,125.085,125.105
2021-05-28 15:41:00,125.105,125.11,125.03,125.03
2021-05-28 15:42:00,125.0302,125.07,125.03,125.0541
2021-05-28 15:43:00,125.06,125.07,124.95,125.025
2021-05-28 15:44:00,125.0221,125.05,125.01,125.035
2021-05-28 15:45:00,125.04,125.08,125.03,125.045
2021-05-28 15:46:00,125.05,125.06,125.03,125.0585
2021-05-28 15:47:00,125.055,125.1,125.05,125.0901
2021-05-28 15:48:00,125.09,125.15,125.09,125.145
2021-05-28 15:49:00,125.145,125.16,125.13,125.1484
2021-05-28 15:50:00,125.15,125.17,124.98,125.0032
2021-05-28 15:51:00,125,125.01,124.94,124.96
2021-05-28 15:52:00,124.96,125,124.9,124.9006
2021-05-28 15:53:00,124.91,124.99,124.905,124.93
2021-05-28 15:54:00,124.94,125.01,124.7,124.76
2021-05-28 15:55:00,124.76,124.81,124.7,124.749
2021-05-28 15:56:00,124.7438,124.83,124.72,124.78
2021-05-28 15:57:00,124.78,124.86,124.7,124.7
2021-05-28 15:58:00,124.7078,124.73,124.62,124.63
2021-05-28 15:59:00,124.63,124.79,124.55,124.61
2021-06-01 09:30:00,125.08,125.35,125.05,125.27
2021-06-01 09:31:00,125.29,125.34,125.17,125.1891
2021-06-01 09:32:00,125.19,125.209,124.94,124.989
2021-06-01 09:33:00,124.985,124.99,124.772,124.85
2021-06-01 09:34:00,124.85,124.98,124.745,124.86
2021-06-01 09:35:00,124.86,124.95,124.77,124.83
2021-06-01 09:36:00,124.82,124.88,124.73,124.755
2021-06-01 09:37:00,124.755,124.9,124.745,124.8488
2021-06-01 09:38:00,124.85,124.89,124.8,124.855
2021-06-01 09:39:00,124.855,124.87,124.75,124.78
2021-06-01 09:40:00,124.78,125.015,124.78,124.93
2021-06-01 09:41:00,124.93,125.06,124.92,124.96
2021-06-01 09:42:00,124.96,125,124.89,124.92
2021-06-01 09:43:00,124.925,124.97,124.86,124.895
2021-06-01 09:44:00,124.895,124.98,124.89,124.92
2021-06-01 09:45:00,124.92,125.01,124.92,124.9673
2021-06-01 09:46:00,124.965,124.98,124.79,124.865
2021-06-01 09:47:00,124.86,124.86,124.73,124.76
2021-06-01 09:48:00,124.735,124.77,124.66,124.72
2021-06-01 09:49:00,124.71,124.8,124.67,124.7493
2021-06-01 09:50:00,124.74,124.765,124.64,124.655
2021-06-01 09:51:00,124.65,124.7,124.61,124.7
2021-06-01 09:52:00,124.695,124.7,124.59,124.605
2021-06-01 09:53:00,124.6,124.61,124.54,124.56
2021-06-01 09:54:00,124.56,124.5679,124.48,124.55
2021-06-01 09:55:00,124.54,124.56,124.44,124.51
2021-06-01 09:56:00,124.51,124.58,124.4826,124.4901
2021-06-01 09:57:00,124.4909,124.58,124.47,124.5601
2021-06-01 09:58:00,124.5647,124.62,124.53,124.53
2021-06-01 09:59:00,124.53,124.69,124.49,124.64
2021-06-01 10:00:00,124.64,124.71,124.59,124.6786
2021-06-01 10:01:00,124.679,124.68,124.56,124.5923
2021-06-01 10:02:00,124.595,124.6,124.51,124.5575
2021-06-01 10:03:00,124.55,124.61,124.5102,124.575
2021-06-01 10:04:00,124.573,124.575,124.48,124.5
2021-06-01 10:05:00,124.5,124.585,124.46,124.578
2021-06-01 10:06:00,124.58,124.59,124.52,124.545
2021-06-01 10:07:00,124.545,124.61,124.52,124.605
2021-06-01 10:08:00,124.6,124.64,124.57,124.64
2021-06-01 10:09:00,124.635,124.64,124.5789,124.61
2021-06-01 10:10:00,124.61,124.615,124.55,124.5975
2021-06-01 10:11:00,124.595,124.62,124.47,124.515
2021-06-01 10:12:00,124.51,124.515,124.34,124.3802
2021-06-01 10:13:00,124.38,124.38,124.305,124.34
2021-06-01 10:14:00,124.345,124.3471,124.135,124.15
2021-06-01 10:15:00,124.14,124.1597,123.94,124.1025
2021-06-01 10:16:00,124.105,124.255,124.08,124.2399
2021-06-01 10:17:00,124.23,124.28,124.18,124.245
2021-06-01 10:18:00,124.243,124.32,124.22,124.3033
2021-06-01 10:19:00,124.31,124.4333,124.3,124.425
2021-06-01 10:20:00,124.42,124.4202,124.33,124.365
2021-06-01 10:21:00,124.351,124.4,124.2847,124.325
2021-06-01 10:22:00,124.325,124.3399,124.21,124.283
2021-06-01 10:23:00,124.285,124.42,124.26,124.3945
2021-06-01 10:24:00,124.398,124.475,124.38,124.46
2021-06-01 10:25:00,124.47,124.51,124.4,124.4901
2021-06-01 10:26:00,124.495,124.56,124.48,124.5401
2021-06-01 10:27:00,124.545,124.58,124.5,124.5701
2021-06-01 10:28:00,124.5759,124.61,124.56,124.59
2021-06-01 10:29:00,124.6,124.65,124.5827,124.64
2021-06-01 10:30:00,124.6409,124.65,124.51,124.61
2021-06-01 10:31:00,124.61,124.67,124.59,124.6527
2021-06-01 10:32:00,124.6579,124.67,124.6,124.615
2021-06-01 10:33:00,124.615,124.75,124.56,124.74
2021-06-01 10:34:00,124.735,124.75,124.7,124.735
2021-06-01 10:35:00,124.74,124.78,124.72,124.7617
2021-06-01 10:36:00,124.76,124.82,124.74,124.7683
2021-06-01 10:37:00,124.7699,124.81,124.722,124.745
2021-06-01 10:38:00,124.75,124.81,124.71,124.81
2021-06-01 10:39:00,124.8,124.82,124.6801,124.6801
2021-06-01 10:40:00,124.69,124.73,124.6,124.605
2021-06-01 10:41:00,124.6,124.65,124.58,124.5901
2021-06-01 10:42:00,124.5984,124.5984,124.54,124.5715
2021-06-01 10:43:00,124.575,124.655,124.5749,124.645
2021-06-01 10:44:00,124.655,124.67,124.57,124.57
2021-06-01 10:45:00,124.57,124.62,124.54,124.6
2021-06-01 10:46:00,124.595,124.66,124.52,124.65
2021-06-01 10:47:00,124.645,124.77,124.605,124.72
2021-06-01 10:48:00,124.7237,124.745,124.5924,124.6012
2021-06-01 10:49:00,124.61,124.715,124.605,124.6723
2021-06-01 10:50:00,124.67,124.72,124.58,124.581
2021-06-01 10:51:00,124.585,124.5899,124.47,124.55
2021-06-01 10:52:00,124.55,124.56,124.45,124.4619
2021-06-01 10:53:00,124.47,124.48,124.37,124.4222
2021-06-01 10:54:00,124.425,124.44,124.39,124.41
2021-06-01 10:55:00,124.415,124.415,124.3,124.365
2021-06-01 10:56:00,124.36,124.385,124.25,124.3327
2021-06-01 10:57:00,124.33,124.36,124.315,124.335
2021-06-01 10:58:00,124.335,124.42,124.32,124.405
2021-06-01 10:59:00,124.4042,124.44,124.38,124.425
2021-06-01 11:00:00,124.42,124.465,124.37,124.41
2021-06-01 11:01:00,124.415,124.4189,124.3626,124.39
2021-06-01 11:02:00,124.39,124.405,124.3424,124.35
2021-06-01 11:03:00,124.3426,124.47,124.34,124.425
2021-06-01 11:04:00,124.425,124.465,124.385,124.445
2021-06-01 11:05:00,124.45,124.47,124.34,124.3718
2021-06-01 11:06:00,124.37,124.43,124.36,124.415
2021-06-01 11:07:00,124.415,124.47,124.415,124.4626
2021-06-01 11:08:00,124.465,124.6183,124.46,124.615
2021-06-01 11:09:00,124.613,124.66,124.56,124.655
2021-06-01 11:10:00,124.655,124.655,124.61,124.64
2021-06-01 11:11:00,124.64,124.69,124.63,124.6899
2021-06-01 11:12:00,124.68,124.71,124.67,124.705
2021-06-01 11:13:00,124.7075,124.71,124.68,124.69
2021-06-01 11:14:00,124.69,124.7,124.67,124.685
2021-06-01 11:15:00,124.6859,124.699,124.645,124.66
2021-06-01 11:16:00,124.66,124.69,124.6402,124.6748
2021-06-01 11:17:00,124.67,124.7,124.66,124.685
2021-06-01 11:18:00,124.68,124.73,124.68,124.715
2021-06-01 11:19:00,124.715,124.815,124.7,124.8143
2021-06-01 11:20:00,124.815,124.83,124.77,124.79
2021-06-01 11:21:00,124.78,124.83,124.71,124.725
2021-06-01 11:22:00,124.7333,124.76,124.71,124.7589
2021-06-01 11:23:00,124.76,124.78,124.745,124.745
2021-06-01 11:24:00,124.74,124.77,124.73,124.74
2021-06-01 11:25:00,124.7432,124.7699,124.73,124.7476
2021-06-01 11:26:00,124.75,124.75,124.69,124.695
2021-06-01 11:27:00,124.6958,124.71,124.62,124.63
2021-06-01 11:28:00,124.63,124.69,124.62,124.65
2021-06-01 11:29:00,124.655,124.72,124.64,124.68
2021-06-01 11:30:00,124.68,124.68,124.62,124.672
2021-06-01 11:31:00,124.675,124.695,124.62,124.67
2021-06-01 11:32:00,124.6701,124.68,124.6305,124.655
2021-06-01 11:33:00,124.66,124.66,124.55,124.56
2021-06-01 11:34:00,124.56,124.655,124.5558,124.625
2021-06-01 11:35:00,124.63,124.7316,124.6231,124.7316
2021-06-01 11:36:00,124.7315,124.79,124.73,124.78
2021-06-01 11:37:00,124.775,124.81,124.745,124.76
2021-06-01 11:38:00,124.765,124.775,124.73,124.755
2021-06-01 11:39:00,124.755,124.775,124.74,124.76
2021-06-01 11:40:00,124.76,124.77,124.67,124.6779
2021-06-01 11:41:00,124.67,124.695,124.655,124.68
2021-06-01 11:42:00,124.6858,124.72,124.66,124.717
2021-06-01 11:43:00,124.7169,124.74,124.68,124.705
2021-06-01 11:44:00,124.7,124.71,124.655,124.655
2021-06-01 11:45:00,124.6589,124.66,124.59,124.605
2021-06-01 11:46:00,124.6,124.62,124.58,124.59
2021-06-01 11:47:00,124.59,124.6499,124.58,124.6012
2021-06-01 11:48:00,124.605,124.64,124.6033,124.64
2021-06-01 11:49:00,124.64,124.65,124.61,124.625
2021-06-01 11:50:00,124.6256,124.64,124.58,124.64
2021-06-01 11:51:00,124.645,124.68,124.61,124.65
2021-06-01 11:52:00,124.66,124.695,124.64,124.6802
2021-06-01 11:53:00,124.685,124.695,124.65,124.665
2021-06-01 11:54:00,124.67,124.695,124.65,124.685
2021-06-01 11:55:00,124.68,124.7,124.59,124.64
2021-06-01 11:56:00,124.64,124.7099,124.62,124.701
2021-06-01 11:57:00,124.7,124.79,124.66,124.78
2021-06-01 11:58:00,124.77,124.79,124.74,124.755
2021-06-01 11:59:00,124.755,124.76,124.69,124.7199
2021-06-01 12:00:00,124.72,124.74,124.6,124.6873
2021-06-01 12:01:00,124.68,124.71,124.63,124.64
2021-06-01 12:02:00,124.64,124.67,124.63,124.665
2021-06-01 12:03:00,124.665,124.72,124.66,124.665
2021-06-01 12:04:00,124.67,124.67,124.63,124.6601
2021-06-01 12:05:00,124.66,124.67,124.61,124.635
2021-06-01 12:06:00,124.635,124.6599,124.6,124.615
2021-06-01 12:07:00,124.61,124.62,124.53,124.55
2021-06-01 12:08:00,124.5501,124.5501,124.42,124.46
2021-06-01 12:09:00,124.455,124.47,124.43,124.43
2021-06-01 12:10:00,124.435,124.46,124.395,124.4599
2021-06-01 12:11:00,124.4562,124.465,124.36,124.3658
2021-06-01 12:12:00,124.365,124.39,124.36,124.38
2021-06-01 12:13:00,124.39,124.4053,124.375,124.405
2021-06-01 12:14:00,124.405,124.42,124.37,124.3882
2021-06-01 12:15:00,124.385,124.45,124.38,124.42
2021-06-01 12:16:00,124.4279,124.4279,124.38,124.4
2021-06-01 12:17:00,124.39,124.415,124.36,124.41
2021-06-01 12:18:00,124.405,124.45,124.39,124.4382
2021-06-01 12:19:00,124.44,124.44,124.4,124.44
2021-06-01 12:20:00,124.44,124.45,124.4,124.425
2021-06-01 12:21:00,124.425,124.45,124.415,124.44
2021-06-01 12:22:00,124.43,124.57,124.43,124.565
2021-06-01 12:23:00,124.565,124.6,124.55,124.58
2021-06-01 12:24:00,124.575,124.59,124.53,124.5353
2021-06-01 12:25:00,124.5315,124.57,124.51,124.566
2021-06-01 12:26:00,124.57,124.58,124.54,124.565
2021-06-01 12:27:00,124.565,124.64,124.56,124.64
2021-06-01 12:28:00,124.6366,124.648,124.57,124.5916
2021-06-01 12:29:00,124.595,124.61,124.58,124.585
2021-06-01 12:30:00,124.58,124.64,124.57,124.61
2021-06-01 12:31:00,124.6174,124.62,124.57,124.595
2021-06-01 12:32:00,124.595,124.605,124.545,124.5728
2021-06-01 12:33:00,124.58,124.63,124.56,124.6217
2021-06-01 12:34:00,124.62,124.64,124.57,124.6274
2021-06-01 12:35:00,124.625,124.64,124.6,124.64
2021-06-01 12:36:00,124.63,124.63,124.6,124.6043
2021-06-01 12:37:00,124.605,124.62,124.58,124.585
2021-06-01 12:38:00,124.58,124.6,124.55,124.58
2021-06-01 12:39:00,124.58,124.61,124.58,124.595
2021-06-01 12:40:00,124.59,124.61,124.575,124.605
2021-06-01 12:41:00,124.6058,124.62,124.58,124.615
2021-06-01 12:42:00,124.6101,124.685,124.61,124.675
2021-06-01 12:43:00,124.677,124.8,124.67,124.79
2021-06-01 12:44:00,124.7914,124.85,124.77,124.815
2021-06-01 12:45:00,124.815,124.83,124.805,124.815
2021-06-01 12:46:00,124.82,124.83,124.78,124.828
2021-06-01 12:47:00,124.825,124.83,124.8,124.805
2021-06-01 12:48:00,124.8,124.81,124.79,124.8032
2021-06-01 12:49:00,124.805,124.807,124.76,124.78
2021-06-01 12:50:00,124.77,124.79,124.7145,124.765
2021-06-01 12:51:00,124.77,124.78,124.745,124.745
2021-06-01 12:52:00,124.75,124.79,124.75,124.77
2021-06-01 12:53:00,124.765,124.79,124.745,124.78
2021-06-01 12:54:00,124.77,124.81,124.71,124.805
2021-06-01 12:55:00,124.805,124.805,124.76,124.775
2021-06-01 12:56:00,124.775,124.7799,124.74,124.745
2021-06-01 12:57:00,124.7477,124.77,124.74,124.755
2021-06-01 12:58:00,124.76,124.83,124.76,124.81
2021-06-01 12:59:00,124.815,124.84,124.795,124.8397
2021-06-01 13:00:00,124.8389,124.84,124.77,124.77
2021-06-01 13:01:00,124.775,124.7799,124.71,124.725
2021-06-01 13:02:00,124.725,124.755,124.715,124.7369
2021-06-01 13:03:00,124.7384,124.76,124.715,124.75
2021-06-01 13:04:00,124.75,124.75,124.66,124.6609
2021-06-01 13:05:00,124.66,124.66,124.5802,124.59
2021-06-01 13:06:00,124.595,124.62,124.57,124.5811
2021-06-01 13:07:00,124.58,124.635,124.58,124.63
2021-06-01 13:08:00,124.63,124.67,124.6248,124.635
2021-06-01 13:09:00,124.631,124.6482,124.6,124.6399
2021-06-01 13:10:00,124.635,124.66,124.62,124.6499
2021-06-01 13:11:00,124.64,124.68,124.63,124.6685
2021-06-01 13:12:00,124.665,124.69,124.65,124.69
2021-06-01 13:13:00,124.69,124.695,124.64,124.6401
2021-06-01 13:14:00,124.64,124.665,124.63,124.6448
2021-06-01 13:15:00,124.64,124.655,124.58,124.585
2021-06-01 13:16:00,124.585,124.6199,124.57,124.6
2021-06-01 13:17:00,124.6,124.62,124.57,124.62
2021-06-01 13:18:00,124.6101,124.6101,124.58,124.59
2021-06-01 13:19:00,124.6,124.6,124.56,124.5609
2021-06-01 13:20:00,124.565,124.6,124.56,124.595
2021-06-01 13:21:00,124.6,124.6,124.53,124.53
2021-06-01 13:22:00,124.5223,124.56,124.505,124.515
2021-06-01 13:23:00,124.515,124.535,124.49,124.525
2021-06-01 13:24:00,124.525,124.555,124.51,124.53
2021-06-01 13:25:00,124.53,124.5479,124.515,124.5375
2021-06-01 13:26:00,124.545,124.55,124.52,124.525
2021-06-01 13:27:00,124.525,124.54,124.49,124.535
2021-06-01 13:28:00,124.54,124.6,124.5382,124.57
2021-06-01 13:29:00,124.56,124.58,124.545,124.5675
2021-06-01 13:30:00,124.56,124.5871,124.5304,124.575
2021-06-01 13:31:00,124.575,124.58,124.55,124.577
2021-06-01 13:32:00,124.575,124.59,124.555,124.5799
2021-06-01 13:33:00,124.575,124.6,124.575,124.582
2021-06-01 13:34:00,124.58,124.5882,124.57,124.57
2021-06-01 13:35:00,124.575,124.575,124.54,124.5433
2021-06-01 13:36:00,124.54,124.545,124.53,124.535
2021-06-01 13:37:00,124.5386,124.58,124.52,124.525
2021-06-01 13:38:00,124.525,124.5382,124.505,124.525
2021-06-01 13:39:00,124.525,124.57,124.525,124.55
2021-06-01 13:40:00,124.5479,124.55,124.505,124.51
2021-06-01 13:41:00,124.5136,124.5199,124.46,124.49
2021-06-01 13:42:00,124.485,124.55,124.485,124.5317
2021-06-01 13:43:00,124.5277,124.53,124.47,124.475
2021-06-01 13:44:00,124.475,124.53,124.47,124.51
2021-06-01 13:45:00,124.505,124.53,124.485,124.515
2021-06-01 13:46:00,124.515,124.5699,124.4807,124.4807
2021-06-01 13:47:00,124.485,124.53,124.485,124.4999
2021-06-01 13:48:00,124.49,124.505,124.46,124.505
2021-06-01 13:49:00,124.5,124.58,124.49,124.535
2021-06-01 13:50:00,124.5343,124.575,124.5287,124.57
2021-06-01 13:51:00,124.565,124.58,124.525,124.525
2021-06-01 13:52:00,124.53,124.53,124.5,124.5001
2021-06-01 13:53:00,124.509,124.525,124.49,124.525
2021-06-01 13:54:00,124.52,124.53,124.47,124.495
2021-06-01 13:55:00,124.4928,124.5367,124.46,124.5367
2021-06-01 13:56:00,124.535,124.58,124.51,124.565
2021-06-01 13:57:00,124.565,124.58,124.5399,124.58
2021-06-01 13:58:00,124.575,124.6,124.57,124.585
2021-06-01 13:59:00,124.585,124.595,124.565,124.58
2021-06-01 14:00:00,124.575,124.595,124.53,124.58
2021-06-01 14:01:00,124.57,124.64,124.56,124.61
2021-06-01 14:02:00,124.615,124.65,124.615,124.625
2021-06-01 14:03:00,124.62,124.63,124.5999,124.6128
2021-06-01 14:04:00,124.615,124.65,124.611,124.64
2021-06-01 14:05:00,124.64,124.68,124.6308,124.6348
2021-06-01 14:06:00,124.635,124.68,124.6334,124.675
2021-06-01 14:07:00,124.68,124.7,124.645,124.6577
2021-06-01 14:08:00,124.6551,124.67,124.64,124.6441
2021-06-01 14:09:00,124.645,124.69,124.6302,124.68
2021-06-01 14:10:00,124.675,124.705,124.67,124.675
2021-06-01 14:11:00,124.675,124.735,124.67,124.69
2021-06-01 14:12:00,124.69,124.7474,124.69,124.732
2021-06-01 14:13:00,124.7399,124.75,124.72,124.73
2021-06-01 14:14:00,124.725,124.735,124.71,124.72
2021-06-01 14:15:00,124.725,124.7375,124.695,124.715
2021-06-01 14:16:00,124.715,124.74,124.71,124.725
2021-06-01 14:17:00,124.7232,124.75,124.72,124.74
2021-06-01 14:18:00,124.735,124.77,124.73,124.75
2021-06-01 14:19:00,124.76,124.779,124.75,124.775
2021-06-01 14:20:00,124.77,124.83,124.76,124.813
2021-06-01 14:21:00,124.82,124.82,124.79,124.8046
2021-06-01 14:22:00,124.805,124.83,124.8,124.8175
2021-06-01 14:23:00,124.8119,124.82,124.79,124.8116
2021-06-01 14:24:00,124.81,124.85,124.81,124.85
2021-06-01 14:25:00,124.845,124.87,124.835,124.86
2021-06-01 14:26:00,124.86,124.87,124.81,124.845
2021-06-01 14:27:00,124.845,124.86,124.82,124.8341
2021-06-01 14:28:00,124.8317,124.87,124.83,124.8386
2021-06-01 14:29:00,124.835,124.835,124.8,124.8
2021-06-01 14:30:00,124.81,124.81,124.7521,124.7795
2021-06-01 14:31:00,124.775,124.795,124.76,124.7893
2021-06-01 14:32:00,124.785,124.8,124.77,124.78
2021-06-01 14:33:00,124.78,124.8,124.76,124.7963
2021-06-01 14:34:00,124.795,124.82,124.78,124.785
2021-06-01 14:35:00,124.78,124.85,124.78,124.8401
2021-06-01 14:36:00,124.845,124.855,124.79,124.795
2021-06-01 14:37:00,124.795,124.84,124.79,124.84
2021-06-01 14:38:00,124.84,124.87,124.825,124.869
2021-06-01 14:39:00,124.865,124.9,124.86,124.895
2021-06-01 14:40:00,124.89,124.9144,124.86,124.905
2021-06-01 14:41:00,124.91,124.94,124.9074,124.919
2021-06-01 14:42:00,124.9199,124.95,124.9001,124.95
2021-06-01 14:43:00,124.95,124.98,124.91,124.975
2021-06-01 14:44:00,124.9723,124.99,124.92,124.9519
2021-06-01 14:45:00,124.95,124.985,124.925,124.98
2021-06-01 14:46:00,124.989,125,124.9701,124.98
2021-06-01 14:47:00,124.98,124.98,124.935,124.9599
2021-06-01 14:48:00,124.95,124.97,124.93,124.967
2021-06-01 14:49:00,124.9659,124.99,124.9531,124.9612
2021-06-01 14:50:00,124.96,125,124.96,124.9699
2021-06-01 14:51:00,124.96,124.97,124.93,124.9574
2021-06-01 14:52:00,124.955,124.96,124.93,124.9319
2021-06-01 14:53:00,124.94,124.94,124.92,124.93
2021-06-01 14:54:00,124.925,124.925,124.865,124.8876
2021-06-01 14:55:00,124.886,124.9,124.87,124.9
2021-06-01 14:56:00,124.8987,124.9,124.865,124.88
2021-06-01 14:57:00,124.885,124.885,124.83,124.8434
2021-06-01 14:58:00,124.84,124.87,124.825,124.87
2021-06-01 14:59:00,124.87,124.89,124.84,124.88
2021-06-01 15:00:00,124.875,124.8971,124.83,124.845
2021-06-01 15:01:00,124.845,124.85,124.81,124.82
2021-06-01 15:02:00,124.82,124.82,124.78,124.7959
2021-06-01 15:03:00,124.795,124.8,124.76,124.787
2021-06-01 15:04:00,124.78,124.8,124.77,124.7999
2021-06-01 15:05:00,124.793,124.8,124.72,124.73
2021-06-01 15:06:00,124.7377,124.75,124.61,124.705
2021-06-01 15:07:00,124.7,124.7455,124.7,124.74
2021-06-01 15:08:00,124.74,124.775,124.72,124.755
2021-06-01 15:09:00,124.755,124.78,124.73,124.75
2021-06-01 15:10:00,124.76,124.78,124.733,124.745
2021-06-01 15:11:00,124.74,124.75,124.72,124.74
2021-06-01 15:12:00,124.735,124.785,124.73,124.7727
2021-06-01 15:13:00,124.78,124.8377,124.78,124.8117
2021-06-01 15:14:00,124.81,124.83,124.75,124.77
2021-06-01 15:15:00,124.78,124.8,124.73,124.76
2021-06-01 15:16:00,124.755,124.78,124.73,124.7352
2021-06-01 15:17:00,124.7314,124.76,124.71,124.76
2021-06-01 15:18:00,124.76,124.76,124.71,124.73
2021-06-01 15:19:00,124.73,124.74,124.71,124.725
2021-06-01 15:20:00,124.725,124.75,124.69,124.75
2021-06-01 15:21:00,124.742,124.75,124.715,124.72
2021-06-01 15:22:00,124.725,124.78,124.723,124.775
2021-06-01 15:23:00,124.78,124.78,124.743,124.7444
2021-06-01 15:24:00,124.745,124.78,124.73,124.7558
2021-06-01 15:25:00,124.751,124.765,124.66,124.68
2021-06-01 15:26:00,124.68,124.7,124.64,124.64
2021-06-01 15:27:00,124.645,124.67,124.625,124.64
2021-06-01 15:28:00,124.64,124.6778,124.635,124.645
2021-06-01 15:29:00,124.64,124.6471,124.59,124.5901
2021-06-01 15:30:00,124.59,124.59,124.55,124.55
2021-06-01 15:31:00,124.55,124.61,124.55,124.59
2021-06-01 15:32:00,124.598,124.6,124.48,124.509
2021-06-01 15:33:00,124.51,124.52,124.47,124.5
2021-06-01 15:34:00,124.4968,124.53,124.492,124.505
2021-06-01 15:35:00,124.5,124.51,124.46,124.47
2021-06-01 15:36:00,124.4769,124.5,124.46,124.4648
2021-06-01 15:37:00,124.4623,124.47,124.41,124.4401
2021-06-01 15:38:00,124.4498,124.4498,124.4,124.425
2021-06-01 15:39:00,124.42,124.44,124.4,124.44
2021-06-01 15:40:00,124.43,124.455,124.405,124.41
2021-06-01 15:41:00,124.4199,124.4757,124.4,124.445
2021-06-01 15:42:00,124.4472,124.4477,124.395,124.42
2021-06-01 15:43:00,124.42,124.455,124.4,124.445
2021-06-01 15:44:00,124.445,124.455,124.41,124.43
2021-06-01 15:45:00,124.435,124.49,124.43,124.485
2021-06-01 15:46:00,124.48,124.49,124.44,124.44
2021-06-01 15:47:00,124.44,124.48,124.42,124.479
2021-06-01 15:48:00,124.475,124.51,124.465,124.5
2021-06-01 15:49:00,124.5,124.51,124.47,124.495
2021-06-01 15:50:00,124.49,124.49,124.29,124.3
2021-06-01 15:51:00,124.305,124.34,124.25,124.27
2021-06-01 15:52:00,124.27,124.94,124.27,124.2945
2021-06-01 15:53:00,124.29,124.32,124.2701,124.29
2021-06-01 15:54:00,124.28,124.35,124.26,124.29
2021-06-01 15:55:00,124.29,124.31,124.26,124.28
2021-06-01 15:56:00,124.28,124.29,124.26,124.28
2021-06-01 15:57:00,124.285,124.29,124.24,124.28
2021-06-01 15:58:00,124.28,124.32,124.21,124.22
2021-06-01 15:59:00,124.215,124.32,124.2,124.3
2021-06-02 09:30:00,124.28,124.59,124.11,124.51
2021-06-02 09:31:00,124.52,124.55,124.22,124.4
2021-06-02 09:32:00,124.41,124.67,124.35,124.65
2021-06-02 09:33:00,124.65,124.68,124.48,124.535
2021-06-02 09:34:00,124.53,124.585,124.31,124.3142
2021-06-02 09:35:00,124.315,124.49,124.25,124.45
2021-06-02 09:36:00,124.465,124.625,124.4601,124.525
2021-06-02 09:37:00,124.52,124.59,124.38,124.385
2021-06-02 09:38:00,124.385,124.44,124.28,124.34
2021-06-02 09:39:00,124.34,124.43,124.32,124.35
2021-06-02 09:40:00,124.35,124.5,124.33,124.452
2021-06-02 09:41:00,124.4516,124.54,124.37,124.375
2021-06-02 09:42:00,124.36,124.52,124.35,124.39
2021-06-02 09:43:00,124.395,124.55,124.3884,124.547
2021-06-02 09:44:00,124.5494,124.68,124.5,124.6594
2021-06-02 09:45:00,124.655,124.9,124.6487,124.885
2021-06-02 09:46:00,124.89,125.02,124.89,124.9698
2021-06-02 09:47:00,124.97,125.02,124.91,124.9199
2021-06-02 09:48:00,124.92,124.97,124.89,124.911
2021-06-02 09:49:00,124.9101,125.0598,124.9101,124.97
2021-06-02 09:50:00,124.97,124.99,124.79,124.87
2021-06-02 09:51:00,124.87,124.88,124.75,124.88
2021-06-02 09:52:00,124.8737,124.88,124.74,124.78
2021-06-02 09:53:00,124.78,124.805,124.74,124.769
2021-06-02 09:54:00,124.765,124.915,124.75,124.895
2021-06-02 09:55:00,124.895,125,124.85,124.945
2021-06-02 09:56:00,124.94,124.99,124.87,124.9701
2021-06-02 09:57:00,124.98,124.98,124.92,124.96
2021-06-02 09:58:00,124.9501,125.1,124.95,125.0901
2021-06-02 09:59:00,125.09,125.13,125.03,125.035
2021-06-02 10:00:00,125.035,125.04,124.885,124.94
2021-06-02 10:01:00,124.945,124.945,124.86,124.88
2021-06-02 10:02:00,124.875,124.9199,124.76,124.77
2021-06-02 10:03:00,124.78,124.8199,124.75,124.79
2021-06-02 10:04:00,124.785,124.93,124.7701,124.895
2021-06-02 10:05:00,124.9,125,124.855,124.955
2021-06-02 10:06:00,124.94,125.07,124.935,125.0653
2021-06-02 10:07:00,125.065,125.15,125.01,125.05
2021-06-02 10:08:00,125.06,125.0676,124.99,125.03
2021-06-02 10:09:00,125.03,125.09,124.99,125.05
2021-06-02 10:10:00,125.04,125.07,124.98,124.9899
2021-06-02 10:11:00,124.9801,125.045,124.935,124.995
2021-06-02 10:12:00,125,125,124.905,124.92
2021-06-02 10:13:00,124.91,124.915,124.84,124.85
2021-06-02 10:14:00,124.85,124.89,124.82,124.88
2021-06-02 10:15:00,124.88,124.94,124.865,124.93
2021-06-02 10:16:00,124.93,124.95,124.845,124.945
2021-06-02 10:17:00,124.94,125.02,124.94,124.985
2021-06-02 10:18:00,124.9838,124.9999,124.871,124.9
2021-06-02 10:19:00,124.9,124.9936,124.85,124.98
2021-06-02 10:20:00,124.9883,125.0057,124.875,124.915
2021-06-02 10:21:00,124.92,124.97,124.855,124.9545
2021-06-02 10:22:00,124.9501,125.03,124.895,124.99
2021-06-02 10:23:00,124.99,125.11,124.99,125.1
2021-06-02 10:24:00,125.1028,125.19,125.1019,125.1499
2021-06-02 10:25:00,125.145,125.1574,125.1,125.125
2021-06-02 10:26:00,125.125,125.1299,125.08,125.105
2021-06-02 10:27:00,125.09,125.13,125.055,125.0634
2021-06-02 10:28:00,125.06,125.0975,125.055,125.09
2021-06-02 10:29:00,125.095,125.109,124.99,125.085
2021-06-02 10:30:00,125.0797,125.15,125.06,125.0678
2021-06-02 10:31:00,125.07,125.11,125.06,125.105
2021-06-02 10:32:00,125.11,125.12,125.041,125.07
2021-06-02 10:33:00,125.06,125.11,125.01,125.01
2021-06-02 10:34:00,125.015,125.08,125,125.025
2021-06-02 10:35:00,125.025,125.04,125.01,125.022
2021-06-02 10:36:00,125.03,125.07,124.99,125.04
2021-06-02 10:37:00,125.035,125.12,125.02,125.107
2021-06-02 10:38:00,125.1089,125.125,125.06,125.0942
2021-06-02 10:39:00,125.09,125.13,125.08,125.105
2021-06-02 10:40:00,125.1,125.24,125.1,125.19
2021-06-02 10:41:00,125.1857,125.23,125.135,125.155
2021-06-02 10:42:00,125.155,125.18,125.105,125.14
2021-06-02 10:43:00,125.15,125.155,125.07,125.145
2021-06-02 10:44:00,125.145,125.1558,125.1,125.115
2021-06-02 10:45:00,125.115,125.1499,125.0801,125.13
2021-06-02 10:46:00,125.135,125.18,125.135,125.16
2021-06-02 10:47:00,125.15,125.169,125.1,125.115
2021-06-02 10:48:00,125.115,125.149,125.1,125.1275
2021-06-02 10:49:00,125.13,125.15,125.11,125.15
2021-06-02 10:50:00,125.1425,125.18,125.1101,125.1227
2021-06-02 10:51:00,125.125,125.13,125.04,125.07
2021-06-02 10:52:00,125.08,125.1,125,125.01
2021-06-02 10:53:00,125.019,125.02,124.93,124.952
2021-06-02 10:54:00,124.96,124.985,124.8801,124.89
2021-06-02 10:55:00,124.9,124.94,124.855,124.895
2021-06-02 10:56:00,124.89,124.89,124.83,124.8639
2021-06-02 10:57:00,124.865,124.92,124.84,124.9157
2021-06-02 10:58:00,124.9182,124.97,124.8919,124.9538
2021-06-02 10:59:00,124.9501,124.97,124.9,124.905
2021-06-02 11:00:00,124.89,125.01,124.88,124.92
2021-06-02 11:01:00,124.92,124.94,124.84,124.9289
2021-06-02 11:02:00,124.93,124.94,124.8885,124.92
2021-06-02 11:03:00,124.925,124.95,124.88,124.945
2021-06-02 11:04:00,124.9399,124.965,124.935,124.965
2021-06-02 11:05:00,124.965,124.9999,124.95,124.95
2021-06-02 11:06:00,124.9411,124.9411,124.81,124.825
2021-06-02 11:07:00,124.825,124.8299,124.76,124.8
2021-06-02 11:08:00,124.81,124.81,124.77,124.8017
2021-06-02 11:09:00,124.8045,124.83,124.775,124.775
2021-06-02 11:10:00,124.77,124.85,124.75,124.845
2021-06-02 11:11:00,124.845,124.9351,124.833,124.9351
2021-06-02 11:12:00,124.935,124.97,124.901,124.91
2021-06-02 11:13:00,124.91,124.96,124.89,124.92
2021-06-02 11:14:00,124.92,124.935,124.86,124.87
2021-06-02 11:15:00,124.855,124.905,124.8401,124.875
2021-06-02 11:16:00,124.88,124.919,124.86,124.8685
2021-06-02 11:17:00,124.87,124.87,124.77,124.7801
2021-06-02 11:18:00,124.785,124.795,124.72,124.735
2021-06-02 11:19:00,124.735,124.78,124.735,124.7601
2021-06-02 11:20:00,124.765,124.8,124.7629,124.8
2021-06-02 11:21:00,124.795,124.8,124.73,124.735
2021-06-02 11:22:00,124.735,124.735,124.65,124.7115
2021-06-02 11:23:00,124.715,124.79,124.7028,124.785
2021-06-02 11:24:00,124.785,124.8,124.71,124.715
2021-06-02 11:25:00,124.71,124.74,124.675,124.725
2021-06-02 11:26:00,124.725,124.76,124.715,124.755
2021-06-02 11:27:00,124.7585,124.91,124.75,124.9019
2021-06-02 11:28:00,124.905,125.005,124.905,124.98
2021-06-02 11:29:00,124.99,124.99,124.94,124.97
2021-06-02 11:30:00,124.97,124.98,124.94,124.98
2021-06-02 11:31:00,124.98,125.04,124.965,125.035
2021-06-02 11:32:00,125.03,125.07,125,125.055
2021-06-02 11:33:00,125.0586,125.09,125.05,125.06
2021-06-02 11:34:00,125.065,125.1,125.03,125.1
2021-06-02 11:35:00,125.095,125.12,125.08,125.0999
2021-06-02 11:36:00,125.09,125.14,125.08,125.085
2021-06-02 11:37:00,125.085,125.11,125.05,125.055
2021-06-02 11:38:00,125.05,125.11,125.05,125.09
2021-06-02 11:39:00,125.09,125.14,125.09,125.11
2021-06-02 11:40:00,125.12,125.13,125.0708,125.105
2021-06-02 11:41:00,125.11,125.15,125.11,125.1352
2021-06-02 11:42:00,125.135,125.14,125.1,125.135
2021-06-02 11:43:00,125.135,125.15,125.11,125.1401
2021-06-02 11:44:00,125.15,125.18,125.13,125.155
2021-06-02 11:45:00,125.16,125.16,125.1,125.1101
2021-06-02 11:46:00,125.11,125.12,125.07,125.115
2021-06-02 11:47:00,125.11,125.145,125.1,125.132
2021-06-02 11:48:00,125.135,125.16,125.1,125.11
2021-06-02 11:49:00,125.11,125.11,125.08,125.095
2021-06-02 11:50:00,125.0988,125.11,125.08,125.085
2021-06-02 11:51:00,125.09,125.12,125.08,125.088
2021-06-02 11:52:00,125.085,125.09,124.99,125.06
2021-06-02 11:53:00,125.065,125.1,125.03,125.035
2021-06-02 11:54:00,125.04,125.05,125.0218,125.035
2021-06-02 11:55:00,125.0359,125.04,124.99,124.9982
2021-06-02 11:56:00,124.995,125.01,124.93,124.96
2021-06-02 11:57:00,124.95,124.99,124.94,124.97
2021-06-02 11:58:00,124.97,125.02,124.965,124.97
2021-06-02 11:59:00,124.96,124.99,124.95,124.985
2021-06-02 12:00:00,124.99,125.02,124.91,124.9148
2021-06-02 12:01:00,124.915,124.94,124.88,124.921
2021-06-02 12:02:00,124.93,124.985,124.93,124.9401
2021-06-02 12:03:00,124.9466,124.99,124.945,124.95
2021-06-02 12:04:00,124.94,124.965,124.9193,124.955
2021-06-02 12:05:00,124.96,124.97,124.945,124.955
2021-06-02 12:06:00,124.955,124.97,124.9327,124.965
2021-06-02 12:07:00,124.97,124.99,124.95,124.9599
2021-06-02 12:08:00,124.95,124.9799,124.925,124.945
2021-06-02 12:09:00,124.945,124.98,124.92,124.96
2021-06-02 12:10:00,124.965,124.99,124.93,124.96
2021-06-02 12:11:00,124.95,124.96,124.925,124.95
2021-06-02 12:12:00,124.9501,124.96,124.92,124.93
2021-06-02 12:13:00,124.935,124.94,124.91,124.915
2021-06-02 12:14:00,124.92,124.95,124.91,124.93
2021-06-02 12:15:00,124.93,124.96,124.925,124.955
2021-06-02 12:16:00,124.955,124.98,124.94,124.965
2021-06-02 12:17:00,124.96,124.96,124.851,124.87
2021-06-02 12:18:00,124.88,124.89,124.8121,124.825
2021-06-02 12:19:00,124.8262,124.83,124.785,124.795
2021-06-02 12:20:00,124.79,124.84,124.78,124.84
2021-06-02 12:21:00,124.835,124.85,124.79,124.81
2021-06-02 12:22:00,124.81,124.83,124.77,124.775
2021-06-02 12:23:00,124.7707,124.78,124.71,124.74
2021-06-02 12:24:00,124.745,124.76,124.72,124.755
2021-06-02 12:25:00,124.7542,124.8295,124.7542,124.79
2021-06-02 12:26:00,124.785,124.79,124.69,124.7
2021-06-02 12:27:00,124.703,124.703,124.62,124.6303
2021-06-02 12:28:00,124.635,124.695,124.635,124.65
2021-06-02 12:29:00,124.655,124.71,124.65,124.7068
2021-06-02 12:30:00,124.705,124.71,124.63,124.63
2021-06-02 12:31:00,124.63,124.65,124.58,124.5814
2021-06-02 12:32:00,124.58,124.625,124.57,124.6
2021-06-02 12:33:00,124.61,124.655,124.57,124.625
2021-06-02 12:34:00,124.61,124.6121,124.55,124.57
2021-06-02 12:35:00,124.57,124.63,124.56,124.615
2021-06-02 12:36:00,124.61,124.67,124.58,124.65
2021-06-02 12:37:00,124.65,124.7,124.65,124.665
2021-06-02 12:38:00,124.665,124.685,124.622,124.635
2021-06-02 12:39:00,124.6379,124.65,124.62,124.62
2021-06-02 12:40:00,124.615,124.63,124.565,124.575
2021-06-02 12:41:00,124.575,124.59,124.56,124.58
2021-06-02 12:42:00,124.5801,124.595,124.5,124.533
2021-06-02 12:43:00,124.54,124.56,124.51,124.54
2021-06-02 12:44:00,124.545,124.59,124.54,124.585
2021-06-02 12:45:00,124.58,124.615,124.58,124.615
2021-06-02 12:46:00,124.615,124.63,124.6,124.625
2021-06-02 12:47:00,124.63,124.645,124.5901,124.625
2021-06-02 12:48:00,124.6265,124.6265,124.59,124.5979
2021-06-02 12:49:00,124.5916,124.595,124.54,124.5433
2021-06-02 12:50:00,124.545,124.581,124.54,124.58
2021-06-02 12:51:00,124.581,124.6,124.53,124.535
2021-06-02 12:52:00,124.5329,124.54,124.5043,124.525
2021-06-02 12:53:00,124.52,124.53,124.49,124.51
2021-06-02 12:54:00,124.51,124.55,124.5,124.54
2021-06-02 12:55:00,124.535,124.5477,124.5,124.515
2021-06-02 12:56:00,124.5186,124.53,124.5,124.5199
2021-06-02 12:57:00,124.5117,124.52,124.493,124.5106
2021-06-02 12:58:00,124.515,124.52,124.49,124.495
2021-06-02 12:59:00,124.4902,124.5078,124.41,124.415
2021-06-02 13:00:00,124.41,124.48,124.4,124.47
2021-06-02 13:01:00,124.475,124.489,124.45,124.47
2021-06-02 13:02:00,124.475,124.52,124.475,124.51
2021-06-02 13:03:00,124.51,124.56,124.505,124.505
2021-06-02 13:04:00,124.5,124.5,124.46,124.4701
2021-06-02 13:05:00,124.475,124.505,124.46,124.49
2021-06-02 13:06:00,124.485,124.49,124.44,124.47
2021-06-02 13:07:00,124.465,124.5,124.44,124.495
2021-06-02 13:08:00,124.49,124.525,124.46,124.525
2021-06-02 13:09:00,124.52,124.525,124.46,124.46
2021-06-02 13:10:00,124.46,124.48,124.42,124.4501
2021-06-02 13:11:00,124.455,124.47,124.44,124.46
2021-06-02 13:12:00,124.46,124.485,124.45,124.47
2021-06-02 13:13:00,124.47,124.47,124.42,124.4377
2021-06-02 13:14:00,124.435,124.44,124.355,124.4154
2021-06-02 13:15:00,124.42,124.44,124.38,124.3953
2021-06-02 13:16:00,124.39,124.43,124.38,124.42
2021-06-02 13:17:00,124.42,124.465,124.42,124.465
2021-06-02 13:18:00,124.455,124.489,124.45,124.47
2021-06-02 13:19:00,124.47,124.48,124.43,124.47
2021-06-02 13:20:00,124.475,124.5,124.43,124.435
2021-06-02 13:21:00,124.43,124.465,124.41,124.42
2021-06-02 13:22:00,124.41,124.4183,124.28,124.2899
2021-06-02 13:23:00,124.285,124.29,124.15,124.21
2021-06-02 13:24:00,124.2099,124.2099,124.12,124.13
2021-06-02 13:25:00,124.13,124.16,124.07,124.115
2021-06-02 13:26:00,124.1171,124.16,124.085,124.1501
2021-06-02 13:27:00,124.158,124.23,124.155,124.2052
2021-06-02 13:28:00,124.21,124.21,124.13,124.19
2021-06-02 13:29:00,124.1863,124.23,124.175,124.195
2021-06-02 13:30:00,124.2,124.22,124.155,124.22
2021-06-02 13:31:00,124.22,124.24,124.2001,124.22
2021-06-02 13:32:00,124.22,124.26,124.22,124.257
2021-06-02 13:33:00,124.26,124.29,124.255,124.27
2021-06-02 13:34:00,124.27,124.29,124.25,124.2851
2021-06-02 13:35:00,124.2877,124.3,124.27,124.2783
2021-06-02 13:36:00,124.275,124.3,124.27,124.29
2021-06-02 13:37:00,124.29,124.35,124.29,124.3271
2021-06-02 13:38:00,124.33,124.33,124.2846,124.2882
2021-06-02 13:39:00,124.28,124.29,124.26,124.275
2021-06-02 13:40:00,124.275,124.3199,124.26,124.3097
2021-06-02 13:41:00,124.31,124.325,124.28,124.2952
2021-06-02 13:42:00,124.3,124.315,124.25,124.27
2021-06-02 13:43:00,124.27,124.3,124.26,124.28
2021-06-02 13:44:00,124.28,124.3,124.2726,124.3
2021-06-02 13:45:00,124.3,124.35,124.28,124.305
2021-06-02 13:46:00,124.3,124.31,124.22,124.245
2021-06-02 13:47:00,124.24,124.24,124.1599,124.185
2021-06-02 13:48:00,124.18,124.19,124.115,124.1299
2021-06-02 13:49:00,124.14,124.2,124.125,124.2
2021-06-02 13:50:00,124.19,124.2212,124.1859,124.195
2021-06-02 13:51:00,124.19,124.245,124.18,124.24
2021-06-02 13:52:00,124.2399,124.265,124.21,124.26
2021-06-02 13:53:00,124.255,124.29,124.25,124.2899
2021-06-02 13:54:00,124.28,124.3379,124.2713,124.3
2021-06-02 13:55:00,124.29,124.3,124.245,124.25
2021-06-02 13:56:00,124.2501,124.3,124.22,124.27
2021-06-02 13:57:00,124.27,124.275,124.23,124.275
2021-06-02 13:58:00,124.28,124.31,124.28,124.3055
2021-06-02 13:59:00,124.3001,124.315,124.28,124.31
2021-06-02 14:00:00,124.31,124.34,124.285,124.33
2021-06-02 14:01:00,124.335,124.34,124.3,124.315
2021-06-02 14:02:00,124.32,124.355,124.29,124.3023
2021-06-02 14:03:00,124.31,124.33,124.3045,124.319
2021-06-02 14:04:00,124.32,124.33,124.3,124.305
2021-06-02 14:05:00,124.3,124.325,124.2721,124.275
2021-06-02 14:06:00,124.275,124.31,124.27,124.27
2021-06-02 14:07:00,124.275,124.3,124.23,124.255
2021-06-02 14:08:00,124.26,124.3,124.23,124.235
2021-06-02 14:09:00,124.23,124.28,124.185,124.2
2021-06-02 14:10:00,124.205,124.2399,124.17,124.175
2021-06-02 14:11:00,124.18,124.19,124.12,124.14
2021-06-02 14:12:00,124.145,124.18,124.14,124.155
2021-06-02 14:13:00,124.15,124.16,124.05,124.075
2021-06-02 14:14:00,124.07,124.1,124.05,124.09
2021-06-02 14:15:00,124.09,124.17,124.06,124.17
2021-06-02 14:16:00,124.17,124.24,124.17,124.2315
2021-06-02 14:17:00,124.24,124.24,124.19,124.225
2021-06-02 14:18:00,124.22,124.26,124.21,124.22
2021-06-02 14:19:00,124.22,124.255,124.22,124.2401
2021-06-02 14:20:00,124.24,124.29,124.22,124.275
2021-06-02 14:21:00,124.275,124.3074,124.26,124.2899
2021-06-02 14:22:00,124.28,124.31,124.2644,124.31
2021-06-02 14:23:00,124.31,124.41,124.31,124.4
2021-06-02 14:24:00,124.39,124.44,124.3815,124.434
2021-06-02 14:25:00,124.44,124.45,124.405,124.445
2021-06-02 14:26:00,124.44,124.45,124.4101,124.425
2021-06-02 14:27:00,124.427,124.48,124.42,124.4516
2021-06-02 14:28:00,124.45,124.51,124.45,124.485
2021-06-02 14:29:00,124.49,124.5,124.465,124.48
2021-06-02 14:30:00,124.485,124.5001,124.4614,124.5001
2021-06-02 14:31:00,124.5,124.55,124.48,124.48
2021-06-02 14:32:00,124.49,124.49,124.41,124.49
2021-06-02 14:33:00,124.49,124.54,124.48,124.515
2021-06-02 14:34:00,124.52,124.55,124.51,124.51
2021-06-02 14:35:00,124.51,124.54,124.4826,124.54
2021-06-02 14:36:00,124.54,124.585,124.53,124.56
2021-06-02 14:37:00,124.56,124.57,124.5,124.53
2021-06-02 14:38:00,124.53,124.57,124.48,124.57
2021-06-02 14:39:00,124.5691,124.5789,124.54,124.54
2021-06-02 14:40:00,124.54,124.56,124.52,124.545
2021-06-02 14:41:00,124.5407,124.5611,124.525,124.525
2021-06-02 14:42:00,124.53,124.535,124.48,124.49
2021-06-02 14:43:00,124.485,124.52,124.475,124.48
2021-06-02 14:44:00,124.49,124.51,124.46,124.49
2021-06-02 14:45:00,124.495,124.52,124.49,124.5
2021-06-02 14:46:00,124.5,124.51,124.46,124.49
2021-06-02 14:47:00,124.49,124.565,124.49,124.565
2021-06-02 14:48:00,124.565,124.59,124.56,124.58
2021-06-02 14:49:00,124.585,124.655,124.571,124.65
2021-06-02 14:50:00,124.655,124.66,124.59,124.645
2021-06-02 14:51:00,124.64,124.645,124.58,124.6
2021-06-02 14:52:00,124.6001,124.635,124.58,124.6316
2021-06-02 14:53:00,124.6301,124.68,124.63,124.675
2021-06-02 14:54:00,124.675,124.6878,124.64,124.685
2021-06-02 14:55:00,124.6836,124.69,124.605,124.6077
2021-06-02 14:56:00,124.61,124.67,124.6,124.6671
2021-06-02 14:57:00,124.67,124.695,124.63,124.64
2021-06-02 14:58:00,124.64,124.6902,124.63,124.6817
2021-06-02 14:59:00,124.685,124.69,124.3445,124.6822
2021-06-02 15:00:00,124.68,124.7,124.655,124.675
2021-06-02 15:01:00,124.68,124.69,124.57,124.62
2021-06-02 15:02:00,124.615,124.6271,124.54,124.59
2021-06-02 15:03:00,124.58,124.58,124.52,124.53
2021-06-02 15:04:00,124.535,124.55,124.52,124.53
2021-06-02 15:05:00,124.535,124.575,124.52,124.525
2021-06-02 15:06:00,124.52,124.59,124.51,124.59
2021-06-02 15:07:00,124.595,124.61,124.57,124.575
2021-06-02 15:08:00,124.575,124.615,124.55,124.602
2021-06-02 15:09:00,124.61,124.66,124.59,124.605
2021-06-02 15:10:00,124.61,124.64,124.6026,124.62
2021-06-02 15:11:00,124.625,124.69,124.614,124.685
2021-06-02 15:12:00,124.6801,124.71,124.68,124.6999
2021-06-02 15:13:00,124.6969,124.745,124.68,124.745
2021-06-02 15:14:00,124.74,124.75,124.72,124.735
2021-06-02 15:15:00,124.735,124.76,124.73,124.73
2021-06-02 15:16:00,124.74,124.74,124.7,124.74
2021-06-02 15:17:00,124.73,124.76,124.72,124.76
2021-06-02 15:18:00,124.75,124.795,124.75,124.78
2021-06-02 15:19:00,124.78,124.785,124.72,124.73
2021-06-02 15:20:00,124.725,124.7501,124.71,124.72
2021-06-02 15:21:00,124.725,124.75,124.72,124.73
2021-06-02 15:22:00,124.735,124.7799,124.735,124.745
2021-06-02 15:23:00,124.745,124.7865,124.745,124.7801
2021-06-02 15:24:00,124.785,124.79,124.735,124.74
2021-06-02 15:25:00,124.745,124.77,124.71,124.7277
2021-06-02 15:26:00,124.725,124.74,124.715,124.7201
2021-06-02 15:27:00,124.7237,124.76,124.72,124.755
2021-06-02 15:28:00,124.755,124.79,124.74,124.76
2021-06-02 15:29:00,124.77,124.79,124.75,124.785
2021-06-02 15:30:00,124.79,124.86,124.79,124.8254
2021-06-02 15:31:00,124.825,124.92,124.825,124.915
2021-06-02 15:32:00,124.915,124.915,124.8701,124.9
2021-06-02 15:33:00,124.905,124.915,124.88,124.88
2021-06-02 15:34:00,124.885,124.885,124.8,124.81
2021-06-02 15:35:00,124.8,124.82,124.67,124.675
2021-06-02 15:36:00,124.67,124.79,124.66,124.785
2021-06-02 15:37:00,124.78,124.81,124.7349,124.785
2021-06-02 15:38:00,124.79,124.79,124.73,124.74
2021-06-02 15:39:00,124.75,124.81,124.75,124.7903
2021-06-02 15:40:00,124.795,124.81,124.7799,124.7901
2021-06-02 15:41:00,124.8,124.825,124.78,124.8
2021-06-02 15:42:00,124.81,124.85,124.81,124.841
2021-06-02 15:43:00,124.845,124.86,124.82,124.84
2021-06-02 15:44:00,124.8406,124.9,124.8201,124.89
2021-06-02 15:45:00,124.885,124.89,124.86,124.87
2021-06-02 15:46:00,124.88,124.935,124.875,124.9226
2021-06-02 15:47:00,124.9295,124.98,124.92,124.95
2021-06-02 15:48:00,124.96,124.98,124.95,124.9511
2021-06-02 15:49:00,124.96,124.98,124.9401,124.95
2021-06-02 15:50:00,124.96,125.169,124.96,125.11
2021-06-02 15:51:00,125.1,125.12,125.02,125.025
2021-06-02 15:52:00,125.03,125.04,124.98,125.015
2021-06-02 15:53:00,125.02,125.08,125.015,125.055
2021-06-02 15:54:00,125.055,125.1,125.05,125.065
2021-06-02 15:55:00,125.065,125.065,124.97,125.0199
2021-06-02 15:56:00,125.01,125.0459,124.99,125
2021-06-02 15:57:00,125.01,125.03,124.965,125.015
2021-06-02 15:58:00,125.015,125.055,125.01,125.055
2021-06-02 15:59:00,125.055,125.15,125.04,125.09
2021-06-03 09:30:00,124.68,124.85,124.51,124.65
2021-06-03 09:31:00,124.6278,124.6299,124.32,124.32
2021-06-03 09:32:00,124.32,124.37,124.19,124.22
2021-06-03 09:33:00,124.229,124.34,124.12,124.22
2021-06-03 09:34:00,124.225,124.3,124.0799,124.1197
2021-06-03 09:35:00,124.12,124.13,123.96,123.99
2021-06-03 09:36:00,123.99,124.03,123.85,123.9866
2021-06-03 09:37:00,123.989,123.9999,123.81,123.8599
2021-06-03 09:38:00,123.86,123.925,123.69,123.75
2021-06-03 09:39:00,123.745,123.79,123.66,123.74
2021-06-03 09:40:00,123.74,123.745,123.54,123.61
2021-06-03 09:41:00,123.6,123.64,123.52,123.56
2021-06-03 09:42:00,123.57,123.71,123.57,123.61
2021-06-03 09:43:00,123.61,123.705,123.56,123.6779
2021-06-03 09:44:00,123.675,123.71,123.53,123.5344
2021-06-03 09:45:00,123.53,123.64,123.4599,123.605
2021-06-03 09:46:00,123.619,123.68,123.565,123.62
2021-06-03 09:47:00,123.62,123.62,123.555,123.5714
2021-06-03 09:48:00,123.575,123.62,123.39,123.465
2021-06-03 09:49:00,123.4499,123.45,123.29,123.34
2021-06-03 09:50:00,123.33,123.54,123.27,123.45
2021-06-03 09:51:00,123.445,123.45,123.35,123.3958
2021-06-03 09:52:00,123.395,123.5,123.32,123.4408
2021-06-03 09:53:00,123.45,123.47,123.34,123.46
2021-06-03 09:54:00,123.455,123.55,123.45,123.53
2021-06-03 09:55:00,123.52,123.62,123.45,123.57
2021-06-03 09:56:00,123.5612,123.57,123.48,123.525
2021-06-03 09:57:00,123.52,123.65,123.485,123.565
2021-06-03 09:58:00,123.5643,123.63,123.55,123.605
2021-06-03 09:59:00,123.605,123.67,123.58,123.62
2021-06-03 10:00:00,123.62,123.69,123.53,123.67
2021-06-03 10:01:00,123.67,123.68,123.56,123.57
2021-06-03 10:02:00,123.57,123.59,123.42,123.505
2021-06-03 10:03:00,123.51,123.55,123.43,123.4701
2021-06-03 10:04:00,123.47,123.5499,123.425,123.52
2021-06-03 10:05:00,123.52,123.5599,123.46,123.4611
2021-06-03 10:06:00,123.465,123.47,123.4,123.4316
2021-06-03 10:07:00,123.435,123.5299,123.42,123.44
2021-06-03 10:08:00,123.45,123.57,123.44,123.5657
2021-06-03 10:09:00,123.57,123.745,123.56,123.7
2021-06-03 10:10:00,123.7,123.78,123.68,123.725
2021-06-03 10:11:00,123.73,123.79,123.7229,123.73
2021-06-03 10:12:00,123.7301,123.765,123.71,123.755
2021-06-03 10:13:00,123.75,123.7884,123.7,123.7
2021-06-03 10:14:00,123.705,123.77,123.68,123.745
2021-06-03 10:15:00,123.7484,123.75,123.54,123.61
2021-06-03 10:16:00,123.615,123.615,123.52,123.55
2021-06-03 10:17:00,123.5469,123.55,123.35,123.38
2021-06-03 10:18:00,123.37,123.4,123.305,123.32
2021-06-03 10:19:00,123.315,123.45,123.315,123.4
2021-06-03 10:20:00,123.4,123.45,123.395,123.4
2021-06-03 10:21:00,123.4,123.49,123.395,123.47
2021-06-03 10:22:00,123.46,123.57,123.42,123.5198
2021-06-03 10:23:00,123.52,123.54,123.49,123.5299
2021-06-03 10:24:00,123.52,123.56,123.45,123.5524
2021-06-03 10:25:00,123.555,123.645,123.515,123.6276
2021-06-03 10:26:00,123.63,123.66,123.56,123.59
2021-06-03 10:27:00,123.58,123.635,123.5201,123.625
2021-06-03 10:28:00,123.63,123.67,123.525,123.6
2021-06-03 10:29:00,123.595,123.6,123.45,123.46
2021-06-03 10:30:00,123.46,123.52,123.37,123.495
2021-06-03 10:31:00,123.49,123.57,123.46,123.52
2021-06-03 10:32:00,123.52,123.555,123.45,123.51
2021-06-03 10:33:00,123.52,123.59,123.4901,123.51
2021-06-03 10:34:00,123.51,123.545,123.45,123.53
2021-06-03 10:35:00,123.525,123.55,123.39,123.505
2021-06-03 10:36:00,123.505,123.517,123.43,123.44
2021-06-03 10:37:00,123.4299,123.46,123.37,123.4175
2021-06-03 10:38:00,123.41,123.415,123.31,123.32
2021-06-03 10:39:00,123.31,123.35,123.23,123.275
2021-06-03 10:40:00,123.28,123.28,123.15,123.169
2021-06-03 10:41:00,123.17,123.23,123.15,123.17
2021-06-03 10:42:00,123.17,123.21,123.13,123.18
2021-06-03 10:43:00,123.19,123.26,123.18,123.24
2021-06-03 10:44:00,123.24,123.25,123.2,123.21
2021-06-03 10:45:00,123.21,123.23,123.18,123.205
2021-06-03 10:46:00,123.21,123.22,123.16,123.2
2021-06-03 10:47:00,123.2,123.37,123.1899,123.33
2021-06-03 10:48:00,123.325,123.49,123.29,123.49
2021-06-03 10:49:00,123.485,123.62,123.4701,123.546
2021-06-03 10:50:00,123.55,123.64,123.53,123.55
2021-06-03 10:51:00,123.55,123.58,123.52,123.565
2021-06-03 10:52:00,123.575,123.63,123.54,123.58
2021-06-03 10:53:00,123.58,123.6,123.5,123.582
2021-06-03 10:54:00,123.575,123.6,123.513,123.56
2021-06-03 10:55:00,123.56,123.6014,123.55,123.57
2021-06-03 10:56:00,123.56,123.74,123.56,123.74
2021-06-03 10:57:00,123.74,123.7882,123.7219,123.77
2021-06-03 10:58:00,123.775,123.82,123.73,123.81
2021-06-03 10:59:00,123.81,123.94,123.81,123.935
2021-06-03 11:00:00,123.94,123.99,123.855,123.86
2021-06-03 11:01:00,123.855,123.97,123.845,123.93
2021-06-03 11:02:00,123.921,124.005,123.86,123.9534
2021-06-03 11:03:00,123.951,124.04,123.94,124.04
2021-06-03 11:04:00,124.035,124.04,123.95,124.031
2021-06-03 11:05:00,124.035,124.1299,124.0337,124.0948
2021-06-03 11:06:00,124.1,124.12,124.01,124.105
2021-06-03 11:07:00,124.11,124.12,124.0556,124.1
2021-06-03 11:08:00,124.1,124.1,124.0241,124.06
2021-06-03 11:09:00,124.062,124.135,124.049,124.11
2021-06-03 11:10:00,124.11,124.15,124.01,124.0399
2021-06-03 11:11:00,124.04,124.085,124.01,124.065
2021-06-03 11:12:00,124.06,124.13,124.03,124.09
2021-06-03 11:13:00,124.09,124.13,124.065,124.075
2021-06-03 11:14:00,124.075,124.13,124.07,124.105
2021-06-03 11:15:00,124.105,124.12,124.025,124.03
2021-06-03 11:16:00,124.02,124.05,123.92,123.965
2021-06-03 11:17:00,123.9699,124.01,123.96,124.005
2021-06-03 11:18:00,124.01,124.03,123.911,123.92
2021-06-03 11:19:00,123.915,123.925,123.85,123.86
2021-06-03 11:20:00,123.865,123.955,123.86,123.908
2021-06-03 11:21:00,123.901,123.945,123.882,123.915
2021-06-03 11:22:00,123.915,123.92,123.835,123.835
2021-06-03 11:23:00,123.835,123.88,123.81,123.861
2021-06-03 11:24:00,123.8649,123.96,123.8503,123.905
2021-06-03 11:25:00,123.9,124,123.885,123.95
2021-06-03 11:26:00,123.955,124,123.92,123.925
2021-06-03 11:27:00,123.92,123.92,123.85,123.855
2021-06-03 11:28:00,123.855,123.935,123.832,123.935
2021-06-03 11:29:00,123.9313,123.9812,123.83,123.9
2021-06-03 11:30:00,123.8981,123.965,123.84,123.84
2021-06-03 11:31:00,123.835,123.865,123.8,123.815
2021-06-03 11:32:00,123.8101,123.82,123.74,123.765
2021-06-03 11:33:00,123.7689,123.7689,123.68,123.715
2021-06-03 11:34:00,123.7177,123.7399,123.6,123.63
2021-06-03 11:35:00,123.63,123.699,123.62,123.655
2021-06-03 11:36:00,123.65,123.7,123.63,123.672
2021-06-03 11:37:00,123.68,123.715,123.62,123.65
2021-06-03 11:38:00,123.64,123.7,123.62,123.6937
2021-06-03 11:39:00,123.69,123.69,123.61,123.675
2021-06-03 11:40:00,123.671,123.695,123.63,123.66
2021-06-03 11:41:00,123.6523,123.66,123.61,123.6323
2021-06-03 11:42:00,123.63,123.68,123.585,123.6799
2021-06-03 11:43:00,123.6701,123.73,123.67,123.695
2021-06-03 11:44:00,123.7,123.75,123.685,123.75
2021-06-03 11:45:00,123.745,123.745,123.61,123.68
2021-06-03 11:46:00,123.671,123.7,123.65,123.6599
2021-06-03 11:47:00,123.6588,123.74,123.645,123.705
2021-06-03 11:48:00,123.705,123.74,123.63,123.635
2021-06-03 11:49:00,123.6399,123.64,123.55,123.615
2021-06-03 11:50:00,123.61,123.64,123.57,123.635
2021-06-03 11:51:00,123.6399,123.645,123.5901,123.6112
2021-06-03 11:52:00,123.61,123.6171,123.5701,123.595
2021-06-03 11:53:00,123.6001,123.7,123.6,123.6901
2021-06-03 11:54:00,123.6999,123.7192,123.675,123.705
2021-06-03 11:55:00,123.71,123.73,123.68,123.69
2021-06-03 11:56:00,123.689,123.71,123.64,123.707
2021-06-03 11:57:00,123.7,123.78,123.67,123.765
2021-06-03 11:58:00,123.765,123.79,123.69,123.695
2021-06-03 11:59:00,123.695,123.71,123.671,123.71
2021-06-03 12:00:00,123.71,123.78,123.7014,123.76
2021-06-03 12:01:00,123.755,123.755,123.64,123.675
2021-06-03 12:02:00,123.675,123.73,123.64,123.7201
2021-06-03 12:03:00,123.725,123.75,123.685,123.725
2021-06-03 12:04:00,123.72,123.74,123.71,123.7243
2021-06-03 12:05:00,123.7201,123.75,123.64,123.65
2021-06-03 12:06:00,123.6599,123.68,123.64,123.65
2021-06-03 12:07:00,123.66,123.67,123.64,123.6599
2021-06-03 12:08:00,123.655,123.7576,123.655,123.755
2021-06-03 12:09:00,123.755,123.85,123.75,123.79
2021-06-03 12:10:00,123.795,123.805,123.725,123.74
2021-06-03 12:11:00,123.735,123.74,123.68,123.695
2021-06-03 12:12:00,123.695,123.715,123.65,123.655
2021-06-03 12:13:00,123.655,123.7,123.65,123.665
2021-06-03 12:14:00,123.665,123.665,123.59,123.595
2021-06-03 12:15:00,123.59,123.65,123.55,123.62
2021-06-03 12:16:00,123.615,123.64,123.585,123.5859
2021-06-03 12:17:00,123.583,123.6,123.55,123.5601
2021-06-03 12:18:00,123.56,123.61,123.55,123.6
2021-06-03 12:19:00,123.6016,123.66,123.515,123.545
2021-06-03 12:20:00,123.5472,123.56,123.49,123.5101
2021-06-03 12:21:00,123.515,123.54,123.47,123.495
2021-06-03 12:22:00,123.495,123.5,123.41,123.45
2021-06-03 12:23:00,123.46,123.47,123.42,123.43
2021-06-03 12:24:00,123.43,123.48,123.42,123.4315
2021-06-03 12:25:00,123.43,123.4897,123.41,123.465
2021-06-03 12:26:00,123.4682,123.52,123.4,123.45
2021-06-03 12:27:00,123.46,123.51,123.46,123.495
2021-06-03 12:28:00,123.5,123.53,123.48,123.51
2021-06-03 12:29:00,123.51,123.53,123.49,123.5069
2021-06-03 12:30:00,123.5,123.531,123.48,123.51
2021-06-03 12:31:00,123.51,123.51,123.43,123.4513
2021-06-03 12:32:00,123.46,123.4994,123.42,123.48
2021-06-03 12:33:00,123.48,123.49,123.46,123.48
2021-06-03 12:34:00,123.48,123.48,123.43,123.445
2021-06-03 12:35:00,123.44,123.46,123.42,123.42
2021-06-03 12:36:00,123.425,123.45,123.38,123.44
2021-06-03 12:37:00,123.43,123.49,123.43,123.48
2021-06-03 12:38:00,123.48,123.5075,123.46,123.505
2021-06-03 12:39:00,123.505,123.52,123.48,123.505
2021-06-03 12:40:00,123.505,123.54,123.5001,123.525
2021-06-03 12:41:00,123.53,123.55,123.51,123.55
2021-06-03 12:42:00,123.56,123.57,123.53,123.555
2021-06-03 12:43:00,123.555,123.58,123.54,123.555
2021-06-03 12:44:00,123.5599,123.57,123.53,123.5382
2021-06-03 12:45:00,123.53,123.557,123.515,123.535
2021-06-03 12:46:00,123.5301,123.54,123.5,123.503
2021-06-03 12:47:00,123.509,123.52,123.48,123.5
2021-06-03 12:48:00,123.51,123.56,123.48,123.54
2021-06-03 12:49:00,123.545,123.5799,123.52,123.54
2021-06-03 12:50:00,123.54,123.6,123.53,123.585
2021-06-03 12:51:00,123.5881,123.59,123.5,123.52
2021-06-03 12:52:00,123.52,123.57,123.5181,123.5601
2021-06-03 12:53:00,123.565,123.569,123.51,123.51
2021-06-03 12:54:00,123.515,123.56,123.51,123.5473
2021-06-03 12:55:00,123.545,123.575,123.53,123.575
2021-06-03 12:56:00,123.58,123.6183,123.57,123.5974
2021-06-03 12:57:00,123.5998,123.61,123.57,123.585
2021-06-03 12:58:00,123.58,123.6699,123.58,123.6301
2021-06-03 12:59:00,123.63,123.69,123.62,123.68
2021-06-03 13:00:00,123.68,123.68,123.61,123.64
2021-06-03 13:01:00,123.64,123.68,123.63,123.6451
2021-06-03 13:02:00,123.64,123.68,123.62,123.6681
2021-06-03 13:03:00,123.665,123.665,123.6,123.61
2021-06-03 13:04:00,123.61,123.625,123.59,123.6001
2021-06-03 13:05:00,123.605,123.61,123.57,123.61
2021-06-03 13:06:00,123.6101,123.64,123.605,123.605
2021-06-03 13:07:00,123.6074,123.655,123.59,123.6542
2021-06-03 13:08:00,123.655,123.66,123.62,123.635
2021-06-03 13:09:00,123.63,123.63,123.3,123.6
2021-06-03 13:10:00,123.6,123.7303,123.6,123.6381
2021-06-03 13:11:00,123.635,123.66,123.58,123.605
2021-06-03 13:12:00,123.61,123.61,123.55,123.5549
2021-06-03 13:13:00,123.54,123.61,123.53,123.58
2021-06-03 13:14:00,123.575,123.59,123.5188,123.525
2021-06-03 13:15:00,123.53,123.575,123.51,123.555
2021-06-03 13:16:00,123.55,123.56,123.5175,123.54
2021-06-03 13:17:00,123.545,123.5799,123.535,123.565
2021-06-03 13:18:00,123.56,123.57,123.53,123.56
2021-06-03 13:19:00,123.565,123.65,123.565,123.65
2021-06-03 13:20:00,123.6446,123.677,123.64,123.665
2021-06-03 13:21:00,123.66,123.71,123.65,123.675
2021-06-03 13:22:00,123.6793,123.6985,123.6463,123.665
2021-06-03 13:23:00,123.6562,123.69,123.63,123.69
2021-06-03 13:24:00,123.685,123.75,123.671,123.725
2021-06-03 13:25:00,123.725,123.745,123.69,123.735
2021-06-03 13:26:00,123.73,123.735,123.69,123.735
2021-06-03 13:27:00,123.73,123.76,123.7058,123.7437
2021-06-03 13:28:00,123.7483,123.7483,123.71,123.715
2021-06-03 13:29:00,123.72,123.81,123.71,123.784
2021-06-03 13:30:00,123.78,123.81,123.71,123.81
2021-06-03 13:31:00,123.81,123.85,123.8,123.845
2021-06-03 13:32:00,123.85,123.88,123.83,123.85
2021-06-03 13:33:00,123.845,123.845,123.77,123.83
2021-06-03 13:34:00,123.83,123.93,123.8,123.915
2021-06-03 13:35:00,123.91,123.96,123.9,123.9301
2021-06-03 13:36:00,123.935,123.96,123.92,123.9599
2021-06-03 13:37:00,123.95,123.98,123.95,123.975
2021-06-03 13:38:00,123.9783,124.03,123.97,124.005
2021-06-03 13:39:00,124.005,124.04,124,124.0165
2021-06-03 13:40:00,124.02,124.025,123.975,123.99
2021-06-03 13:41:00,123.99,124.04,123.99,124.02
2021-06-03 13:42:00,124.01,124.0201,123.97,123.989
2021-06-03 13:43:00,123.99,124.0174,123.93,123.94
2021-06-03 13:44:00,123.94,123.95,123.885,123.9399
2021-06-03 13:45:00,123.93,123.975,123.865,123.935
2021-06-03 13:46:00,123.935,123.98,123.89,123.925
2021-06-03 13:47:00,123.93,123.96,123.85,123.895
2021-06-03 13:48:00,123.89,123.93,123.87,123.8982
2021-06-03 13:49:00,123.88,123.9099,123.82,123.86
2021-06-03 13:50:00,123.8578,123.8978,123.845,123.873
2021-06-03 13:51:00,123.875,123.9,123.84,123.88
2021-06-03 13:52:00,123.88,123.94,123.855,123.855
2021-06-03 13:53:00,123.855,123.915,123.85,123.89
2021-06-03 13:54:00,123.89,123.92,123.85,123.9096
2021-06-03 13:55:00,123.9,123.99,123.89,123.985
2021-06-03 13:56:00,123.985,124,123.92,123.934
2021-06-03 13:57:00,123.935,123.94,123.905,123.935
2021-06-03 13:58:00,123.93,123.937,123.905,123.91
2021-06-03 13:59:00,123.91,123.93,123.86,123.9001
2021-06-03 14:00:00,123.9,123.915,123.86,123.86
2021-06-03 14:01:00,123.855,123.88,123.81,123.845
2021-06-03 14:02:00,123.8486,123.918,123.845,123.86
2021-06-03 14:03:00,123.86,123.91,123.86,123.905
2021-06-03 14:04:00,123.91,123.93,123.88,123.895
2021-06-03 14:05:00,123.8901,123.9752,123.8901,123.945
2021-06-03 14:06:00,123.94,123.95,123.91,123.9288
2021-06-03 14:07:00,123.925,123.97,123.91,123.95
2021-06-03 14:08:00,123.9486,123.98,123.92,123.965
2021-06-03 14:09:00,123.97,124.05,123.97,124.045
2021-06-03 14:10:00,124.045,124.09,123.975,124
2021-06-03 14:11:00,124.02,124.02,123.96,123.96
2021-06-03 14:12:00,123.9698,123.98,123.945,123.965
2021-06-03 14:13:00,123.97,123.977,123.94,123.9403
2021-06-03 14:14:00,123.9412,123.969,123.92,123.9344
2021-06-03 14:15:00,123.9353,123.9353,123.8,123.82
2021-06-03 14:16:00,123.823,123.88,123.8,123.85
2021-06-03 14:17:00,123.8482,123.855,123.805,123.825
2021-06-03 14:18:00,123.8284,123.8782,123.825,123.86
2021-06-03 14:19:00,123.87,123.905,123.865,123.872
2021-06-03 14:20:00,123.88,123.89,123.8401,123.8814
2021-06-03 14:21:00,123.88,123.89,123.84,123.885
2021-06-03 14:22:00,123.88,123.9,123.87,123.88
2021-06-03 14:23:00,123.87,123.89,123.845,123.845
2021-06-03 14:24:00,123.84,123.8901,123.835,123.85
2021-06-03 14:25:00,123.855,123.86,123.8,123.805
2021-06-03 14:26:00,123.8,123.86,123.8,123.83
2021-06-03 14:27:00,123.82,123.8371,123.75,123.8001
2021-06-03 14:28:00,123.805,123.82,123.77,123.77
2021-06-03 14:29:00,123.7699,123.8,123.73,123.749
2021-06-03 14:30:00,123.74,123.82,123.7354,123.7903
2021-06-03 14:31:00,123.79,123.82,123.79,123.8
2021-06-03 14:32:00,123.8,123.845,123.795,123.805
2021-06-03 14:33:00,123.81,123.81,123.7415,123.76
2021-06-03 14:34:00,123.7551,123.787,123.74,123.755
2021-06-03 14:35:00,123.76,123.775,123.7,123.705
2021-06-03 14:36:00,123.702,123.7699,123.702,123.7406
2021-06-03 14:37:00,123.745,123.77,123.73,123.745
2021-06-03 14:38:00,123.745,123.755,123.71,123.715
2021-06-03 14:39:00,123.71,123.715,123.65,123.7
2021-06-03 14:40:00,123.691,123.71,123.6601,123.675
2021-06-03 14:41:00,123.68,123.705,123.65,123.655
2021-06-03 14:42:00,123.655,123.705,123.64,123.705
2021-06-03 14:43:00,123.7085,123.77,123.7025,123.735
2021-06-03 14:44:00,123.74,123.75,123.705,123.73
2021-06-03 14:45:00,123.73,123.739,123.69,123.725
2021-06-03 14:46:00,123.72,123.74,123.6901,123.725
2021-06-03 14:47:00,123.7201,123.73,123.68,123.715
2021-06-03 14:48:00,123.72,123.755,123.695,123.745
2021-06-03 14:49:00,123.745,123.7487,123.72,123.7315
2021-06-03 14:50:00,123.735,123.7397,123.71,123.725
2021-06-03 14:51:00,123.73,123.75,123.71,123.73
2021-06-03 14:52:00,123.7399,123.75,123.71,123.742
2021-06-03 14:53:00,123.74,123.75,123.73,123.745
2021-06-03 14:54:00,123.74,123.79,123.73,123.783
2021-06-03 14:55:00,123.78,123.79,123.735,123.7699
2021-06-03 14:56:00,123.765,123.785,123.68,123.68
2021-06-03 14:57:00,123.6775,123.7,123.63,123.66
2021-06-03 14:58:00,123.66,123.6685,123.6,123.637
2021-06-03 14:59:00,123.64,123.66,123.61,123.64
2021-06-03 15:00:00,123.64,123.69,123.6399,123.68
2021-06-03 15:01:00,123.69,123.77,123.69,123.71
2021-06-03 15:02:00,123.7121,123.79,123.71,123.785
2021-06-03 15:03:00,123.78,123.8,123.74,123.755
2021-06-03 15:04:00,123.75,123.78,123.715,123.72
2021-06-03 15:05:00,123.72,123.75,123.71,123.7399
2021-06-03 15:06:00,123.735,123.745,123.71,123.7211
2021-06-03 15:07:00,123.72,123.73,123.66,123.6882
2021-06-03 15:08:00,123.69,123.71,123.68,123.705
2021-06-03 15:09:00,123.7001,123.76,123.69,123.74
2021-06-03 15:10:00,123.7319,123.755,123.71,123.725
2021-06-03 15:11:00,123.725,123.785,123.725,123.765
2021-06-03 15:12:00,123.765,123.835,123.765,123.81
2021-06-03 15:13:00,123.8199,123.875,123.8,123.8018
2021-06-03 15:14:00,123.81,123.89,123.8,123.8801
2021-06-03 15:15:00,123.88,123.88,123.85,123.865
2021-06-03 15:16:00,123.86,123.875,123.835,123.835
2021-06-03 15:17:00,123.8357,123.855,123.79,123.845
2021-06-03 15:18:00,123.8401,123.89,123.83,123.888
2021-06-03 15:19:00,123.885,123.89,123.689,123.71
2021-06-03 15:20:00,123.71,123.78,123.67,123.75
2021-06-03 15:21:00,123.75,123.81,123.75,123.81
2021-06-03 15:22:00,123.815,123.84,123.7901,123.8122
2021-06-03 15:23:00,123.81,123.84,123.775,123.835
2021-06-03 15:24:00,123.835,123.85,123.82,123.8301
2021-06-03 15:25:00,123.84,123.86,123.79,123.84
2021-06-03 15:26:00,123.8358,123.8399,123.77,123.77
2021-06-03 15:27:00,123.775,123.8,123.75,123.7834
2021-06-03 15:28:00,123.78,123.82,123.77,123.8
2021-06-03 15:29:00,123.8078,123.87,123.8,123.86
2021-06-03 15:30:00,123.8605,123.89,123.83,123.8301
2021-06-03 15:31:00,123.83,123.85,123.8,123.82
2021-06-03 15:32:00,123.83,123.855,123.82,123.855
2021-06-03 15:33:00,123.8501,123.86,123.83,123.83
2021-06-03 15:34:00,123.84,123.8799,123.83,123.84
2021-06-03 15:35:00,123.84,123.86,123.825,123.84
2021-06-03 15:36:00,123.84,123.88,123.81,123.875
2021-06-03 15:37:00,123.875,123.915,123.86,123.8835
2021-06-03 15:38:00,123.88,123.88,123.825,123.83
2021-06-03 15:39:00,123.83,123.85,123.81,123.84
2021-06-03 15:40:00,123.84,123.8772,123.82,123.83
2021-06-03 15:41:00,123.83,123.83,123.75,123.7614
2021-06-03 15:42:00,123.76,123.76,123.71,123.715
2021-06-03 15:43:00,123.7101,123.73,123.68,123.685
2021-06-03 15:44:00,123.6899,123.69,123.62,123.62
2021-06-03 15:45:00,123.625,123.67,123.6001,123.605
2021-06-03 15:46:00,123.605,123.61,123.5,123.5
2021-06-03 15:47:00,123.5,123.5699,123.5,123.54
2021-06-03 15:48:00,123.53,123.56,123.47,123.4834
2021-06-03 15:49:00,123.485,123.53,123.48,123.53
2021-06-03 15:50:00,123.54,123.6,123.485,123.505
2021-06-03 15:51:00,123.505,123.56,123.49,123.555
2021-06-03 15:52:00,123.55,123.58,123.48,123.495
2021-06-03 15:53:00,123.5,123.5285,123.45,123.45
2021-06-03 15:54:00,123.46,123.5243,123.39,123.45
2021-06-03 15:55:00,123.44,123.49,123.43,123.4599
2021-06-03 15:56:00,123.469,123.49,123.43,123.465
2021-06-03 15:57:00,123.47,123.52,123.46,123.4999
2021-06-03 15:58:00,123.49,123.52,123.485,123.51
2021-06-03 15:59:00,123.5,123.58,123.49,123.54
2021-06-04 09:30:00,124.07,124.1,123.85,124.03
2021-06-04 09:31:00,124.045,124.27,124.04,124.23
2021-06-04 09:32:00,124.22,124.31,124.05,124.07
2021-06-04 09:33:00,124.05,124.195,124.04,124.1
2021-06-04 09:34:00,124.1,124.21,124.09,124.125
2021-06-04 09:35:00,124.1201,124.37,124.1201,124.3205
2021-06-04 09:36:00,124.32,124.4099,124.29,124.3588
2021-06-04 09:37:00,124.355,124.455,124.35,124.3684
2021-06-04 09:38:00,124.37,124.44,124.35,124.405
2021-06-04 09:39:00,124.41,124.45,124.36,124.385
2021-06-04 09:40:00,124.385,124.57,124.38,124.49
2021-06-04 09:41:00,124.48,124.57,124.42,124.51
2021-06-04 09:42:00,124.5,124.545,124.44,124.48
2021-06-04 09:43:00,124.475,124.545,124.47,124.503
2021-06-04 09:44:00,124.505,124.62,124.49,124.59
2021-06-04 09:45:00,124.59,124.8,124.59,124.7499
2021-06-04 09:46:00,124.745,124.82,124.6801,124.79
2021-06-04 09:47:00,124.795,124.85,124.74,124.76
2021-06-04 09:48:00,124.77,124.825,124.76,124.8001
2021-06-04 09:49:00,124.805,124.84,124.75,124.82
2021-06-04 09:50:00,124.82,124.9001,124.81,124.87
2021-06-04 09:51:00,124.88,124.9673,124.8309,124.8575
2021-06-04 09:52:00,124.855,124.9,124.7101,124.73
2021-06-04 09:53:00,124.735,124.85,124.7322,124.7901
2021-06-04 09:54:00,124.8,124.87,124.7473,124.76
2021-06-04 09:55:00,124.7589,124.87,124.7589,124.86
2021-06-04 09:56:00,124.86,124.93,124.86,124.9
2021-06-04 09:57:00,124.9,124.9199,124.85,124.897
2021-06-04 09:58:00,124.8901,125,124.8901,124.95
2021-06-04 09:59:00,124.9599,124.9599,124.86,124.925
2021-06-04 10:00:00,124.9244,125.05,124.9244,125.01
2021-06-04 10:01:00,125.0052,125.13,125.005,125.12
2021-06-04 10:02:00,125.1182,125.35,125.1182,125.3488
2021-06-04 10:03:00,125.3401,125.36,125.21,125.3
2021-06-04 10:04:00,125.31,125.34,125.2,125.25
2021-06-04 10:05:00,125.25,125.265,125.16,125.195
2021-06-04 10:06:00,125.2,125.2707,125.18,125.19
2021-06-04 10:07:00,125.19,125.24,125.11,125.1375
2021-06-04 10:08:00,125.14,125.19,125.109,125.18
2021-06-04 10:09:00,125.18,125.19,125.07,125.09
2021-06-04 10:10:00,125.1,125.19,125.09,125.145
2021-06-04 10:11:00,125.15,125.17,125.1122,125.13
2021-06-04 10:12:00,125.13,125.19,125.1066,125.161
2021-06-04 10:13:00,125.17,125.2,125.15,125.19
2021-06-04 10:14:00,125.184,125.21,125.045,125.08
2021-06-04 10:15:00,125.09,125.13,125.01,125.0499
2021-06-04 10:16:00,125.05,125.14,125.04,125.06
2021-06-04 10:17:00,125.06,125.105,125.025,125.0366
2021-06-04 10:18:00,125.035,125.05,124.93,124.935
2021-06-04 10:19:00,124.935,124.96,124.88,124.911
2021-06-04 10:20:00,124.92,124.948,124.86,124.8829
2021-06-04 10:21:00,124.8839,124.94,124.87,124.915
2021-06-04 10:22:00,124.9199,124.95,124.8825,124.92
2021-06-04 10:23:00,124.92,124.99,124.91,124.975
2021-06-04 10:24:00,124.975,124.9885,124.94,124.9656
2021-06-04 10:25:00,124.96,124.99,124.9,124.905
2021-06-04 10:26:00,124.91,124.935,124.82,124.845
2021-06-04 10:27:00,124.85,124.9099,124.85,124.86
2021-06-04 10:28:00,124.865,124.92,124.84,124.875
2021-06-04 10:29:00,124.88,124.9079,124.76,124.83
2021-06-04 10:30:00,124.835,124.88,124.79,124.8
2021-06-04 10:31:00,124.8,124.83,124.78,124.8131
2021-06-04 10:32:00,124.82,124.88,124.81,124.835
2021-06-04 10:33:00,124.8399,124.9,124.78,124.8999
2021-06-04 10:34:00,124.9,124.91,124.83,124.83
2021-06-04 10:35:00,124.84,124.9099,124.791,124.89
2021-06-04 10:36:00,124.8885,124.94,124.88,124.89
2021-06-04 10:37:00,124.895,124.91,124.8592,124.8899
2021-06-04 10:38:00,124.885,124.95,124.85,124.94
2021-06-04 10:39:00,124.94,124.96,124.89,124.92
2021-06-04 10:40:00,124.93,124.95,124.9,124.935
2021-06-04 10:41:00,124.955,125.05,124.955,125.015
2021-06-04 10:42:00,125.02,125.05,124.955,124.9699
2021-06-04 10:43:00,124.96,125.05,124.957,125.025
2021-06-04 10:44:00,125.02,125.04,124.9201,124.925
2021-06-04 10:45:00,124.9206,124.96,124.89,124.91
2021-06-04 10:46:00,124.91,124.95,124.863,124.93
2021-06-04 10:47:00,124.9299,125.08,124.9299,125.0457
2021-06-04 10:48:00,125.05,125.08,125.02,125.07
2021-06-04 10:49:00,125.045,125.11,125.045,125.065
2021-06-04 10:50:00,125.06,125.1,125.0401,125.085
2021-06-04 10:51:00,125.0899,125.09,125.04,125.065
2021-06-04 10:52:00,125.075,125.09,125.063,125.08
2021-06-04 10:53:00,125.07,125.105,125.06,125.0769
2021-06-04 10:54:00,125.0799,125.14,125.07,125.14
2021-06-04 10:55:00,125.135,125.18,125.11,125.175
2021-06-04 10:56:00,125.175,125.175,125.12,125.12
2021-06-04 10:57:00,125.1201,125.13,125.01,125.0176
2021-06-04 10:58:00,125.015,125.03,124.945,124.983
2021-06-04 10:59:00,124.985,125.03,124.96,124.9699
2021-06-04 11:00:00,124.965,125.01,124.87,124.88
2021-06-04 11:01:00,124.89,124.965,124.89,124.93
2021-06-04 11:02:00,124.92,124.9493,124.91,124.91
2021-06-04 11:03:00,124.91,124.94,124.88,124.939
2021-06-04 11:04:00,124.94,124.97,124.94,124.96
2021-06-04 11:05:00,124.96,125.03,124.96,125.005
2021-06-04 11:06:00,125.015,125.02,124.96,124.97
2021-06-04 11:07:00,124.965,124.995,124.95,124.985
2021-06-04 11:08:00,124.985,124.99,124.91,124.92
2021-06-04 11:09:00,124.9199,125,124.89,125
2021-06-04 11:10:00,125,125.03,124.95,125.0221
2021-06-04 11:11:00,125.0246,125.04,125,125.03
2021-06-04 11:12:00,125.03,125.04,125.01,125.035
2021-06-04 11:13:00,125.04,125.115,125.04,125.11
2021-06-04 11:14:00,125.11,125.13,125.09,125.1043
2021-06-04 11:15:00,125.11,125.18,125.11,125.125
2021-06-04 11:16:00,125.125,125.2,125.12,125.175
2021-06-04 11:17:00,125.17,125.22,125.15,125.21
2021-06-04 11:18:00,125.2182,125.23,125.2,125.21
2021-06-04 11:19:00,125.215,125.24,125.21,125.2399
2021-06-04 11:20:00,125.2301,125.29,125.23,125.285
2021-06-04 11:21:00,125.285,125.3,125.27,125.28
2021-06-04 11:22:00,125.2801,125.295,125.23,125.265
2021-06-04 11:23:00,125.27,125.3,125.25,125.3
2021-06-04 11:24:00,125.295,125.345,125.2909,125.3344
2021-06-04 11:25:00,125.3342,125.35,125.32,125.32
2021-06-04 11:26:00,125.3278,125.35,125.32,125.34
2021-06-04 11:27:00,125.34,125.36,125.31,125.32
2021-06-04 11:28:00,125.325,125.325,125.27,125.295
2021-06-04 11:29:00,125.295,125.375,125.265,125.3687
2021-06-04 11:30:00,125.37,125.385,125.3,125.33
2021-06-04 11:31:00,125.33,125.335,125.27,125.28
2021-06-04 11:32:00,125.27,125.28,125.21,125.225
2021-06-04 11:33:00,125.2229,125.23,125.2,125.2103
2021-06-04 11:34:00,125.2164,125.22,125.14,125.1533
2021-06-04 11:35:00,125.16,125.2,125.11,125.14
2021-06-04 11:36:00,125.135,125.18,125.13,125.17
2021-06-04 11:37:00,125.175,125.19,125.1,125.13
2021-06-04 11:38:00,125.13,125.135,125.08,125.115
2021-06-04 11:39:00,125.12,125.1577,125.11,125.115
2021-06-04 11:40:00,125.1199,125.1487,125.095,125.115
2021-06-04 11:41:00,125.12,125.16,125.1,125.12
2021-06-04 11:42:00,125.1182,125.13,125.0556,125.0583
2021-06-04 11:43:00,125.06,125.075,125.02,125.065
2021-06-04 11:44:00,125.065,125.15,125.065,125.135
2021-06-04 11:45:00,125.1339,125.15,125.09,125.1301
2021-06-04 11:46:00,125.14,125.1699,125.1191,125.157
2021-06-04 11:47:00,125.1514,125.17,125.115,125.115
2021-06-04 11:48:00,125.12,125.14,125.11,125.135
2021-06-04 11:49:00,125.135,125.145,125.1001,125.115
2021-06-04 11:50:00,125.12,125.14,125.105,125.115
2021-06-04 11:51:00,125.115,125.13,125.1,125.101
2021-06-04 11:52:00,125.1,125.1381,125.1,125.13
2021-06-04 11:53:00,125.135,125.14,125.09,125.1
2021-06-04 11:54:00,125.1001,125.1001,125.05,125.07
2021-06-04 11:55:00,125.0745,125.11,125.06,125.075
2021-06-04 11:56:00,125.0766,125.09,125.06,125.06
2021-06-04 11:57:00,125.0629,125.1,125.06,125.0878
2021-06-04 11:58:00,125.0859,125.11,125.06,125.095
2021-06-04 11:59:00,125.0999,125.1082,125.07,125.1
2021-06-04 12:00:00,125.11,125.13,124.98,125
2021-06-04 12:01:00,125,125.07,124.995,125.0431
2021-06-04 12:02:00,125.04,125.06,125.03,125.035
2021-06-04 12:03:00,125.037,125.05,125.01,125.025
2021-06-04 12:04:00,125.02,125.03,125,125.025
2021-06-04 12:05:00,125.02,125.05,125.01,125.0499
2021-06-04 12:06:00,125.045,125.08,125.045,125.07
2021-06-04 12:07:00,125.075,125.11,125.0716,125.0916
2021-06-04 12:08:00,125.0972,125.15,125.09,125.15
2021-06-04 12:09:00,125.1456,125.16,125.13,125.155
2021-06-04 12:10:00,125.1595,125.22,125.1595,125.215
2021-06-04 12:11:00,125.22,125.25,125.21,125.2421
2021-06-04 12:12:00,125.245,125.29,125.24,125.28
2021-06-04 12:13:00,125.28,125.31,125.25,125.308
2021-06-04 12:14:00,125.305,125.34,125.28,125.32
2021-06-04 12:15:00,125.3201,125.3275,125.271,125.28
2021-06-04 12:16:00,125.29,125.29,125.24,125.27
2021-06-04 12:17:00,125.265,125.28,125.25,125.26
2021-06-04 12:18:00,125.2601,125.37,125.2601,125.37
2021-06-04 12:19:00,125.37,125.41,125.35,125.398
2021-06-04 12:20:00,125.41,125.48,125.4,125.4687
2021-06-04 12:21:00,125.465,125.6,125.4614,125.5699
2021-06-04 12:22:00,125.5698,125.67,125.5698,125.645
2021-06-04 12:23:00,125.6499,125.67,125.61,125.6599
2021-06-04 12:24:00,125.66,125.74,125.66,125.685
2021-06-04 12:25:00,125.6845,125.73,125.66,125.705
2021-06-04 12:26:00,125.7,125.745,125.6986,125.735
2021-06-04 12:27:00,125.7365,125.865,125.73,125.84
2021-06-04 12:28:00,125.83,125.85,125.79,125.825
2021-06-04 12:29:00,125.825,125.84,125.79,125.8
2021-06-04 12:30:00,125.795,125.84,125.79,125.83
2021-06-04 12:31:00,125.8286,125.875,125.81,125.87
2021-06-04 12:32:00,125.87,125.9,125.83,125.8627
2021-06-04 12:33:00,125.87,125.95,125.87,125.949
2021-06-04 12:34:00,125.9419,125.95,125.91,125.915
2021-06-04 12:35:00,125.915,125.93,125.86,125.8782
2021-06-04 12:36:00,125.875,125.9193,125.865,125.8827
2021-06-04 12:37:00,125.8826,125.93,125.88,125.9001
2021-06-04 12:38:00,125.91,125.9172,125.84,125.855
2021-06-04 12:39:00,125.86,125.91,125.84,125.885
2021-06-04 12:40:00,125.88,125.9077,125.86,125.8896
2021-06-04 12:41:00,125.886,125.9,125.83,125.8399
2021-06-04 12:42:00,125.8352,125.85,125.805,125.8163
2021-06-04 12:43:00,125.81,125.82,125.7775,125.79
2021-06-04 12:44:00,125.7987,125.82,125.75,125.778
2021-06-04 12:45:00,125.779,125.79,125.74,125.7683
2021-06-04 12:46:00,125.77,125.79,125.75,125.765
2021-06-04 12:47:00,125.77,125.83,125.765,125.815
2021-06-04 12:48:00,125.815,125.83,125.8,125.815
2021-06-04 12:49:00,125.8131,125.86,125.8,125.86
2021-06-04 12:50:00,125.8599,125.91,125.85,125.89
2021-06-04 12:51:00,125.8857,125.8876,125.75,125.7668
2021-06-04 12:52:00,125.76,125.77,125.71,125.7189
2021-06-04 12:53:00,125.715,125.76,125.7,125.705
2021-06-04 12:54:00,125.7014,125.71,125.62,125.625
2021-06-04 12:55:00,125.62,125.67,125.605,125.63
2021-06-04 12:56:00,125.6339,125.6499,125.6,125.605
2021-06-04 12:57:00,125.61,125.63,125.6,125.62
2021-06-04 12:58:00,125.63,125.67,125.63,125.64
2021-06-04 12:59:00,125.64,125.67,125.62,125.6499
2021-06-04 13:00:00,125.65,125.665,125.6119,125.65
2021-06-04 13:01:00,125.6553,125.669,125.62,125.65
2021-06-04 13:02:00,125.6512,125.66,125.6201,125.625
2021-06-04 13:03:00,125.625,125.64,125.61,125.635
2021-06-04 13:04:00,125.6383,125.6383,125.6,125.6279
2021-06-04 13:05:00,125.625,125.66,125.61,125.63
2021-06-04 13:06:00,125.62,125.6217,125.56,125.6
2021-06-04 13:07:00,125.605,125.61,125.52,125.5312
2021-06-04 13:08:00,125.535,125.55,125.5,125.515
2021-06-04 13:09:00,125.5101,125.54,125.5,125.52
2021-06-04 13:10:00,125.525,125.56,125.5,125.545
2021-06-04 13:11:00,125.54,125.5899,125.53,125.585
2021-06-04 13:12:00,125.587,125.62,125.58,125.5877
2021-06-04 13:13:00,125.5884,125.59,125.57,125.5701
2021-06-04 13:14:00,125.575,125.63,125.575,125.6131
2021-06-04 13:15:00,125.61,125.62,125.58,125.58
2021-06-04 13:16:00,125.59,125.595,125.55,125.585
2021-06-04 13:17:00,125.5883,125.63,125.5836,125.6201
2021-06-04 13:18:00,125.6222,125.6499,125.62,125.6352
2021-06-04 13:19:00,125.6381,125.6388,125.595,125.605
2021-06-04 13:20:00,125.6017,125.61,125.54,125.546
2021-06-04 13:21:00,125.548,125.57,125.525,125.565
2021-06-04 13:22:00,125.57,125.59,125.515,125.5194
2021-06-04 13:23:00,125.515,125.53,125.5,125.5223
2021-06-04 13:24:00,125.5201,125.56,125.5201,125.5345
2021-06-04 13:25:00,125.5348,125.565,125.5301,125.55
2021-06-04 13:26:00,125.55,125.55,125.53,125.5319
2021-06-04 13:27:00,125.535,125.5479,125.5,125.525
2021-06-04 13:28:00,125.5275,125.5299,125.48,125.4966
2021-06-04 13:29:00,125.495,125.509,125.48,125.5
2021-06-04 13:30:00,125.5,125.54,125.5,125.5334
2021-06-04 13:31:00,125.54,125.58,125.54,125.5699
2021-06-04 13:32:00,125.565,125.605,125.54,125.605
2021-06-04 13:33:00,125.6,125.685,125.6,125.685
2021-06-04 13:34:00,125.6882,125.715,125.65,125.6723
2021-06-04 13:35:00,125.673,125.69,125.65,125.6748
2021-06-04 13:36:00,125.675,125.7,125.652,125.6801
2021-06-04 13:37:00,125.685,125.71,125.68,125.695
2021-06-04 13:38:00,125.693,125.7,125.62,125.6292
2021-06-04 13:39:00,125.63,125.65,125.62,125.63
2021-06-04 13:40:00,125.64,125.7,125.64,125.7
2021-06-04 13:41:00,125.6947,125.7,125.66,125.695
2021-06-04 13:42:00,125.699,125.78,125.685,125.7027
2021-06-04 13:43:00,125.705,125.7169,125.68,125.69
2021-06-04 13:44:00,125.7,125.7299,125.67,125.7109
2021-06-04 13:45:00,125.715,125.7151,125.67,125.6809
2021-06-04 13:46:00,125.689,125.72,125.68,125.7156
2021-06-04 13:47:00,125.715,125.725,125.7,125.715
2021-06-04 13:48:00,125.713,125.75,125.71,125.7474
2021-06-04 13:49:00,125.7487,125.78,125.74,125.7799
2021-06-04 13:50:00,125.7783,125.79,125.75,125.76
2021-06-04 13:51:00,125.765,125.775,125.715,125.7299
2021-06-04 13:52:00,125.725,125.73,125.64,125.725
2021-06-04 13:53:00,125.7251,125.74,125.69,125.699
2021-06-04 13:54:00,125.695,125.695,125.67,125.6799
2021-06-04 13:55:00,125.67,125.685,125.66,125.6801
2021-06-04 13:56:00,125.685,125.72,125.67,125.6781
2021-06-04 13:57:00,125.6701,125.7,125.67,125.68
2021-06-04 13:58:00,125.67,125.67,125.65,125.6579
2021-06-04 13:59:00,125.6541,125.69,125.6501,125.68
2021-06-04 14:00:00,125.6825,125.74,125.67,125.74
2021-06-04 14:01:00,125.738,125.74,125.7,125.735
2021-06-04 14:02:00,125.7376,125.74,125.685,125.74
2021-06-04 14:03:00,125.745,125.75,125.65,125.655
2021-06-04 14:04:00,125.655,125.67,125.65,125.65
2021-06-04 14:05:00,125.6571,125.7199,125.65,125.7
2021-06-04 14:06:00,125.71,125.76,125.705,125.75
2021-06-04 14:07:00,125.745,125.77,125.745,125.76
2021-06-04 14:08:00,125.7616,125.77,125.74,125.765
2021-06-04 14:09:00,125.7603,125.765,125.74,125.765
2021-06-04 14:10:00,125.765,125.78,125.74,125.74
2021-06-04 14:11:00,125.75,125.76,125.7,125.705
2021-06-04 14:12:00,125.705,125.71,125.68,125.685
2021-06-04 14:13:00,125.69,125.7075,125.64,125.65
2021-06-04 14:14:00,125.655,125.67,125.62,125.66
2021-06-04 14:15:00,125.67,125.74,125.66,125.73
2021-06-04 14:16:00,125.735,125.75,125.71,125.725
2021-06-04 14:17:00,125.725,125.75,125.7215,125.735
2021-06-04 14:18:00,125.74,125.74,125.7,125.7305
2021-06-04 14:19:00,125.74,125.77,125.73,125.765
2021-06-04 14:20:00,125.7671,125.775,125.75,125.7515
2021-06-04 14:21:00,125.76,125.765,125.745,125.7599
2021-06-04 14:22:00,125.755,125.77,125.75,125.765
2021-06-04 14:23:00,125.77,125.78,125.7355,125.77
2021-06-04 14:24:00,125.77,125.78,125.74,125.745
2021-06-04 14:25:00,125.745,125.775,125.7401,125.77
2021-06-04 14:26:00,125.775,125.795,125.77,125.775
2021-06-04 14:27:00,125.78,125.81,125.775,125.805
2021-06-04 14:28:00,125.8017,125.8099,125.77,125.78
2021-06-04 14:29:00,125.78,125.785,125.76,125.76
2021-06-04 14:30:00,125.77,125.8,125.76,125.79
2021-06-04 14:31:00,125.8,125.8699,125.7928,125.8627
2021-06-04 14:32:00,125.865,125.87,125.84,125.85
2021-06-04 14:33:00,125.85,125.9,125.85,125.9
2021-06-04 14:34:00,125.9,125.9,125.8481,125.877
2021-06-04 14:35:00,125.875,125.88,125.8624,125.8749
2021-06-04 14:36:00,125.875,125.89,125.86,125.87
2021-06-04 14:37:00,125.875,125.89,125.87,125.88
2021-06-04 14:38:00,125.88,125.9,125.87,125.89
2021-06-04 14:39:00,125.89,125.9,125.8848,125.8924
2021-06-04 14:40:00,125.8922,125.9,125.8855,125.89
2021-06-04 14:41:00,125.89,125.8965,125.87,125.87
2021-06-04 14:42:00,125.8778,125.9,125.87,125.89
2021-06-04 14:43:00,125.885,125.89,125.86,125.89
2021-06-04 14:44:00,125.885,125.96,125.88,125.955
2021-06-04 14:45:00,125.955,126,125.95,125.9901
2021-06-04 14:46:00,125.99,126,125.96,126
2021-06-04 14:47:00,125.995,126.05,125.98,126.045
2021-06-04 14:48:00,126.045,126.1199,126.03,126.11
2021-06-04 14:49:00,126.115,126.1599,126.115,126.135
2021-06-04 14:50:00,126.1399,126.1399,126.07,126.095
2021-06-04 14:51:00,126.0983,126.1,126.05,126.09
2021-06-04 14:52:00,126.0942,126.11,126.08,126.0974
2021-06-04 14:53:00,126.0901,126.14,126.09,126.1201
2021-06-04 14:54:00,126.13,126.13,126.09,126.1117
2021-06-04 14:55:00,126.11,126.16,126.11,126.145
2021-06-04 14:56:00,126.145,126.15,126.13,126.14
2021-06-04 14:57:00,126.15,126.15,126.12,126.14
2021-06-04 14:58:00,126.135,126.14,126.08,126.09
2021-06-04 14:59:00,126.09,126.1,126.0401,126.0547
2021-06-04 15:00:00,126.05,126.06,126.01,126.0399
2021-06-04 15:01:00,126.03,126.05,126.01,126.0199
2021-06-04 15:02:00,126.01,126.03,125.97,126.005
2021-06-04 15:03:00,126.005,126.01,125.955,125.97
2021-06-04 15:04:00,125.979,125.9799,125.94,125.97
2021-06-04 15:05:00,125.965,126.01,125.9629,126.0028
2021-06-04 15:06:00,126.0065,126.01,125.98,125.9899
2021-06-04 15:07:00,125.9899,126,125.97,125.9966
2021-06-04 15:08:00,125.998,126.02,125.9901,126.02
2021-06-04 15:09:00,126.02,126.02,125.98,125.981
2021-06-04 15:10:00,125.985,125.99,125.97,125.97
2021-06-04 15:11:00,125.9676,125.975,125.89,125.89
2021-06-04 15:12:00,125.8991,125.91,125.88,125.885
2021-06-04 15:13:00,125.885,125.9,125.85,125.86
2021-06-04 15:14:00,125.85,125.87,125.82,125.825
2021-06-04 15:15:00,125.825,125.825,125.8,125.81
2021-06-04 15:16:00,125.815,125.86,125.81,125.8367
2021-06-04 15:17:00,125.84,125.84,125.81,125.813
2021-06-04 15:18:00,125.8199,125.83,125.81,125.8101
2021-06-04 15:19:00,125.8199,125.83,125.81,125.825
2021-06-04 15:20:00,125.8299,125.83,125.81,125.8101
2021-06-04 15:21:00,125.815,125.82,125.79,125.79
2021-06-04 15:22:00,125.785,125.785,125.72,125.7267
2021-06-04 15:23:00,125.725,125.76,125.72,125.735
2021-06-04 15:24:00,125.73,125.757,125.71,125.757
2021-06-04 15:25:00,125.75,125.77,125.75,125.755
2021-06-04 15:26:00,125.7513,125.76,125.72,125.728
2021-06-04 15:27:00,125.73,125.73,125.66,125.665
2021-06-04 15:28:00,125.66,125.68,125.635,125.675
2021-06-04 15:29:00,125.675,125.685,125.63,125.63
2021-06-04 15:30:00,125.63,125.65,125.6,125.6
2021-06-04 15:31:00,125.6017,125.61,125.54,125.5605
2021-06-04 15:32:00,125.57,125.58,125.52,125.52
2021-06-04 15:33:00,125.525,125.57,125.51,125.56
2021-06-04 15:34:00,125.565,125.57,125.54,125.55
2021-06-04 15:35:00,125.54,125.58,125.5201,125.565
2021-06-04 15:36:00,125.56,125.58,125.53,125.5601
2021-06-04 15:37:00,125.565,125.57,125.54,125.57
2021-06-04 15:38:00,125.565,125.63,125.56,125.6
2021-06-04 15:39:00,125.595,125.6,125.55,125.55
2021-06-04 15:40:00,125.5599,125.575,125.53,125.565
2021-06-04 15:41:00,125.5622,125.565,125.51,125.535
2021-06-04 15:42:00,125.535,125.54,125.495,125.5101
2021-06-04 15:43:00,125.51,125.57,125.5,125.565
2021-06-04 15:44:00,125.565,125.72,125.5646,125.715
2021-06-04 15:45:00,125.7199,125.78,125.67,125.765
2021-06-04 15:46:00,125.765,125.77,125.73,125.7598
2021-06-04 15:47:00,125.75,125.8,125.74,125.795
2021-06-04 15:48:00,125.795,125.8,125.76,125.7865
2021-06-04 15:49:00,125.785,125.82,125.78,125.82
2021-06-04 15:50:00,125.82,125.94,125.81,125.92
2021-06-04 15:51:00,125.92,125.925,125.88,125.897
2021-06-04 15:52:00,125.892,125.97,125.875,125.965
2021-06-04 15:53:00,125.97,126,125.965,125.9822
2021-06-04 15:54:00,125.9823,126.05,125.9,125.915
2021-06-04 15:55:00,125.92,125.98,125.915,125.945
2021-06-04 15:56:00,125.945,125.95,125.85,125.855
2021-06-04 15:57:00,125.855,125.905,125.85,125.865
2021-06-04 15:58:00,125.865,125.87,125.8101,125.865
2021-06-04 15:59:00,125.87,125.9,125.82,125.88
